InvoiceNo,StockCode,Description,Quantity,InvoiceDate,UnitPrice,CustomerID,Country,TotalPrice
INV100000,SC1038,Laptop Stand,9,2023-01-18 02:11:00,15.26,10065,Spain,137.34
INV100001,SC1028,Wireless Mouse,1,2023-01-30 11:15:00,37.19,10076,Spain,37.19
INV100002,SC1014,Notebook,5,2023-01-09 10:29:00,81.25,10044,Spain,406.25
INV100003,SC1042,Bluetooth Speaker,6,2023-01-25 00:06:00,59.34,10078,United Kingdom,356.04
INV100004,SC1007,HDMI Cable,5,2023-01-30 10:08:00,53.7,10019,Germany,268.5
INV100005,SC1020,Wireless Mouse,6,2023-01-16 01:15:00,32.88,10063,France,197.28000000000003
INV100006,SC1038,Bluetooth Speaker,6,2023-01-04 19:35:00,93.52,10092,France,561.12
INV100007,SC1018,Desk Lamp,7,2023-01-30 15:08:00,42.72,10092,France,299.03999999999996
INV100008,SC1022,Bluetooth Speaker,4,2023-01-10 11:53:00,13.27,10066,Spain,53.08
INV100009,SC1010,Laptop Stand,8,2023-01-08 17:30:00,63.62,10082,United Kingdom,508.96
INV100010,SC1010,Wireless Mouse,7,2023-01-16 17:48:00,15.81,10002,Spain,110.67
INV100011,SC1023,Gaming Keyboard,9,2023-01-11 13:42:00,37.8,10053,United Kingdom,340.2
INV100012,SC1035,Noise Cancelling Headphones,7,2023-01-17 10:29:00,53.2,10077,United Kingdom,372.40000000000003
INV100013,SC1039,LED Monitor,3,2023-01-24 15:48:00,88.05,10063,Italy,264.15
INV100014,SC1023,Noise Cancelling Headphones,3,2023-01-17 03:33:00,51.89,10039,Italy,155.67000000000002
INV100015,SC1002,Desk Lamp,8,2023-01-07 13:15:00,71.71,10058,United Kingdom,573.68
INV100016,SC1021,LED Monitor,5,2023-01-20 19:52:00,99.32,10054,United Kingdom,496.59999999999997
INV100017,SC1001,Bluetooth Speaker,4,2023-01-26 23:04:00,17.49,10061,France,69.96
INV100018,SC1023,Bluetooth Speaker,8,2023-01-12 09:13:00,31.1,10003,France,248.8
INV100019,SC1043,HDMI Cable,6,2023-01-08 08:57:00,42.48,10059,Germany,254.88
INV100020,SC1029,Bluetooth Speaker,2,2023-01-27 18:00:00,45.07,10074,Italy,90.14
INV100021,SC1037,USB-C Cable,4,2023-01-07 20:12:00,44.05,10094,Italy,176.2
INV100022,SC1001,Noise Cancelling Headphones,4,2023-01-22 19:21:00,91.22,10095,Italy,364.88
INV100023,SC1020,LED Monitor,6,2023-01-05 08:55:00,72.83,10090,Italy,436.98
INV100024,SC1032,Laptop Stand,6,2023-01-25 23:53:00,62.75,10029,Italy,376.5
INV100025,SC1011,HDMI Cable,1,2023-01-24 16:04:00,34.39,10001,United Kingdom,34.39
INV100026,SC1021,USB-C Cable,8,2023-01-28 11:35:00,83.26,10061,France,666.08
INV100027,SC1043,USB-C Cable,6,2023-01-26 07:31:00,95.73,10048,France,574.38
INV100028,SC1024,Noise Cancelling Headphones,3,2023-01-06 00:27:00,83.01,10008,Germany,249.03000000000003
INV100029,SC1048,Wireless Mouse,9,2023-01-23 03:50:00,5.15,10091,Germany,46.35
INV100030,SC1026,Laptop Stand,2,2023-01-26 00:41:00,65.46,10030,United Kingdom,130.92
INV100031,SC1041,Notebook,8,2023-01-17 05:44:00,9.86,10097,France,78.88
INV100032,SC1027,Notebook,3,2023-01-01 02:25:00,29.47,10060,Germany,88.41
INV100033,SC1015,Laptop Stand,5,2023-01-27 05:38:00,10.65,10078,United Kingdom,53.25
INV100034,SC1014,Gaming Keyboard,6,2023-01-12 03:15:00,62.36,10047,Italy,374.15999999999997
INV100035,SC1046,Desk Lamp,6,2023-01-03 02:40:00,70.23,10024,Spain,421.38
INV100036,SC1043,Noise Cancelling Headphones,4,2023-01-30 11:02:00,15.88,10035,Italy,63.52
INV100037,SC1002,Bluetooth Speaker,3,2023-01-19 04:00:00,41.46,10007,Spain,124.38
INV100038,SC1036,HDMI Cable,4,2023-01-13 05:53:00,48.34,10072,Germany,193.36
INV100039,SC1006,USB-C Cable,1,2023-01-21 09:04:00,40.06,10057,Germany,40.06
INV100040,SC1020,Laptop Stand,4,2023-01-12 19:34:00,16.5,10044,Germany,66.0
INV100041,SC1008,Wireless Mouse,1,2023-01-11 09:56:00,44.8,10061,Germany,44.8
INV100042,SC1038,Laptop Stand,1,2023-01-29 21:41:00,76.36,10038,France,76.36
INV100043,SC1017,Noise Cancelling Headphones,6,2023-01-09 02:55:00,11.75,10095,Spain,70.5
INV100044,SC1003,Noise Cancelling Headphones,5,2023-01-02 23:32:00,12.62,10057,United Kingdom,63.099999999999994
INV100045,SC1024,USB-C Cable,4,2023-01-12 02:54:00,38.7,10080,Italy,154.8
INV100046,SC1013,Gaming Keyboard,3,2023-01-19 18:42:00,94.46,10098,Germany,283.38
INV100047,SC1049,USB-C Cable,1,2023-01-24 10:35:00,68.51,10082,France,68.51
INV100048,SC1008,Notebook,6,2023-01-29 01:10:00,69.47,10063,France,416.82
INV100049,SC1025,USB-C Cable,2,2023-01-17 11:11:00,39.38,10043,Spain,78.76
INV100050,SC1001,Notebook,8,2023-01-19 03:22:00,61.4,10028,France,491.2
INV100051,SC1019,Laptop Stand,5,2023-01-07 08:40:00,5.96,10058,Germany,29.8
INV100052,SC1027,Laptop Stand,7,2023-01-19 21:33:00,65.43,10070,Spain,458.01000000000005
INV100053,SC1046,Wireless Mouse,2,2023-01-28 09:00:00,91.76,10091,Italy,183.52
INV100054,SC1006,Gaming Keyboard,8,2023-01-06 03:41:00,63.19,10008,Italy,505.52
INV100055,SC1043,Laptop Stand,2,2023-01-15 20:40:00,88.0,10091,France,176.0
INV100056,SC1007,Notebook,4,2023-01-24 06:57:00,73.78,10005,United Kingdom,295.12
INV100057,SC1046,USB-C Cable,1,2023-01-13 07:27:00,16.45,10028,Germany,16.45
INV100058,SC1034,Wireless Mouse,5,2023-01-04 00:38:00,90.73,10057,United Kingdom,453.65000000000003
INV100059,SC1013,Bluetooth Speaker,9,2023-01-20 18:42:00,11.31,10016,Spain,101.79
INV100060,SC1016,Desk Lamp,1,2023-01-23 07:17:00,55.73,10015,United Kingdom,55.73
INV100061,SC1035,Desk Lamp,9,2023-01-17 02:04:00,18.5,10086,Spain,166.5
INV100062,SC1049,Wireless Mouse,8,2023-01-23 03:50:00,6.11,10094,Italy,48.88
INV100063,SC1039,HDMI Cable,6,2023-01-23 13:36:00,45.09,10002,Italy,270.54
INV100064,SC1003,Gaming Keyboard,7,2023-01-21 09:31:00,33.03,10020,Spain,231.21
INV100065,SC1001,Noise Cancelling Headphones,3,2023-01-27 17:07:00,51.17,10063,Italy,153.51
INV100066,SC1005,USB-C Cable,1,2023-01-13 05:45:00,59.83,10089,United Kingdom,59.83
INV100067,SC1041,HDMI Cable,5,2023-01-24 12:53:00,9.16,10035,United Kingdom,45.8
INV100068,SC1003,Gaming Keyboard,2,2023-01-08 11:53:00,16.69,10085,Spain,33.38
INV100069,SC1028,Gaming Keyboard,5,2023-01-22 12:47:00,58.07,10061,Spain,290.35
INV100070,SC1017,Wireless Mouse,8,2023-01-18 21:26:00,37.6,10041,Germany,300.8
INV100071,SC1025,Laptop Stand,9,2023-01-28 10:52:00,74.27,10075,United Kingdom,668.43
INV100072,SC1043,HDMI Cable,2,2023-01-09 13:23:00,66.97,10041,United Kingdom,133.94
INV100073,SC1033,Bluetooth Speaker,3,2023-01-06 10:43:00,85.33,10060,France,255.99
INV100074,SC1009,Gaming Keyboard,3,2023-01-10 20:50:00,70.79,10012,United Kingdom,212.37
INV100075,SC1035,HDMI Cable,1,2023-01-12 10:16:00,45.84,10010,Germany,45.84
INV100076,SC1013,Laptop Stand,8,2023-01-22 18:47:00,68.93,10053,France,551.44
INV100077,SC1030,Bluetooth Speaker,6,2023-01-08 00:26:00,31.16,10015,Italy,186.96
INV100078,SC1047,Laptop Stand,8,2023-01-27 08:37:00,34.1,10007,Germany,272.8
INV100079,SC1014,LED Monitor,9,2023-01-02 17:12:00,79.95,10058,Spain,719.5500000000001
INV100080,SC1007,Desk Lamp,5,2023-01-05 15:44:00,47.41,10056,Spain,237.04999999999998
INV100081,SC1013,Notebook,3,2023-01-03 13:53:00,80.85,10039,United Kingdom,242.54999999999998
INV100082,SC1022,Desk Lamp,5,2023-01-04 12:11:00,83.13,10058,Italy,415.65
INV100083,SC1039,USB-C Cable,5,2023-01-08 11:16:00,86.47,10001,Spain,432.35
INV100084,SC1020,Notebook,5,2023-01-02 17:15:00,92.08,10093,Italy,460.4
INV100085,SC1015,Noise Cancelling Headphones,3,2023-01-26 06:18:00,45.94,10093,France,137.82
INV100086,SC1044,LED Monitor,4,2023-01-03 22:55:00,35.29,10075,France,141.16
INV100087,SC1017,USB-C Cable,9,2023-01-11 01:24:00,60.31,10009,Italy,542.79
INV100088,SC1046,LED Monitor,9,2023-01-24 23:03:00,40.26,10043,France,362.34
INV100089,SC1023,Desk Lamp,2,2023-01-06 17:38:00,62.1,10010,United Kingdom,124.2
INV100090,SC1025,Gaming Keyboard,8,2023-01-29 07:07:00,72.03,10078,Italy,576.24
INV100091,SC1024,HDMI Cable,8,2023-01-25 10:36:00,70.4,10079,Italy,563.2
INV100092,SC1044,USB-C Cable,7,2023-01-28 21:54:00,40.58,10080,Spain,284.06
INV100093,SC1040,Desk Lamp,8,2023-01-06 22:13:00,20.85,10089,Germany,166.8
INV100094,SC1028,Wireless Mouse,3,2023-01-23 15:01:00,45.9,10001,Spain,137.7
INV100095,SC1014,HDMI Cable,6,2023-01-04 15:29:00,18.55,10049,Spain,111.30000000000001
INV100096,SC1044,Notebook,1,2023-01-14 08:01:00,89.56,10011,United Kingdom,89.56
INV100097,SC1000,HDMI Cable,7,2023-01-07 17:26:00,37.86,10089,Spain,265.02
INV100098,SC1024,Bluetooth Speaker,1,2023-01-23 05:27:00,19.67,10022,United Kingdom,19.67
INV100099,SC1006,Notebook,9,2023-01-01 11:01:00,7.42,10017,Italy,66.78
INV100100,SC1008,Bluetooth Speaker,1,2023-01-21 22:17:00,66.35,10061,Spain,66.35
INV100101,SC1023,Bluetooth Speaker,1,2023-01-30 17:48:00,65.51,10095,Italy,65.51
INV100102,SC1000,Gaming Keyboard,7,2023-01-08 07:26:00,37.36,10061,Spain,261.52
INV100103,SC1043,Noise Cancelling Headphones,2,2023-01-03 08:14:00,11.81,10037,United Kingdom,23.62
INV100104,SC1007,Desk Lamp,5,2023-01-18 18:32:00,43.91,10066,France,219.54999999999998
INV100105,SC1023,USB-C Cable,8,2023-01-21 03:02:00,34.57,10037,Italy,276.56
INV100106,SC1010,Gaming Keyboard,8,2023-01-01 03:27:00,69.33,10066,Spain,554.64
INV100107,SC1016,Noise Cancelling Headphones,3,2023-01-25 14:33:00,62.55,10093,Germany,187.64999999999998
INV100108,SC1007,Gaming Keyboard,7,2023-01-17 02:37:00,39.64,10060,United Kingdom,277.48
INV100109,SC1034,LED Monitor,3,2023-01-24 04:40:00,25.7,10000,Spain,77.1
INV100110,SC1034,Notebook,6,2023-01-03 03:23:00,98.86,10093,France,593.16
INV100111,SC1032,Bluetooth Speaker,6,2023-01-21 08:48:00,48.13,10044,United Kingdom,288.78000000000003
INV100112,SC1004,HDMI Cable,3,2023-01-30 18:51:00,70.39,10095,United Kingdom,211.17000000000002
INV100113,SC1041,Wireless Mouse,7,2023-01-14 23:03:00,18.35,10027,Germany,128.45000000000002
INV100114,SC1038,Bluetooth Speaker,3,2023-01-28 16:51:00,51.13,10020,France,153.39000000000001
INV100115,SC1040,Wireless Mouse,8,2023-01-08 11:14:00,7.62,10012,United Kingdom,60.96
INV100116,SC1027,Notebook,4,2023-01-24 22:07:00,53.02,10026,Italy,212.08
INV100117,SC1006,Desk Lamp,1,2023-01-12 01:01:00,96.58,10099,Germany,96.58
INV100118,SC1008,LED Monitor,4,2023-01-23 22:04:00,41.5,10006,Germany,166.0
INV100119,SC1007,HDMI Cable,7,2023-01-06 04:06:00,8.7,10021,Italy,60.89999999999999
INV100120,SC1011,Wireless Mouse,4,2023-01-26 20:11:00,7.94,10073,France,31.76
INV100121,SC1033,LED Monitor,6,2023-01-21 08:21:00,41.86,10052,France,251.16
INV100122,SC1032,Gaming Keyboard,9,2023-01-19 03:16:00,20.2,10078,United Kingdom,181.79999999999998
INV100123,SC1047,Gaming Keyboard,1,2023-01-29 16:43:00,7.22,10078,United Kingdom,7.22
INV100124,SC1022,USB-C Cable,5,2023-01-14 00:32:00,76.84,10003,Italy,384.20000000000005
INV100125,SC1023,HDMI Cable,7,2023-01-23 11:36:00,48.56,10095,United Kingdom,339.92
INV100126,SC1036,Notebook,1,2023-01-12 13:49:00,32.48,10022,Germany,32.48
INV100127,SC1034,Desk Lamp,4,2023-01-23 20:36:00,90.51,10069,Italy,362.04
INV100128,SC1043,LED Monitor,6,2023-01-10 07:15:00,16.03,10087,France,96.18
INV100129,SC1039,Notebook,2,2023-01-15 04:21:00,95.81,10083,Germany,191.62
INV100130,SC1021,LED Monitor,5,2023-01-19 07:02:00,34.83,10083,France,174.14999999999998
INV100131,SC1026,Laptop Stand,1,2023-01-04 09:35:00,89.4,10075,United Kingdom,89.4
INV100132,SC1034,USB-C Cable,6,2023-01-08 15:43:00,62.28,10032,France,373.68
INV100133,SC1000,Gaming Keyboard,6,2023-01-08 10:19:00,83.54,10027,Germany,501.24
INV100134,SC1034,Laptop Stand,4,2023-01-07 17:55:00,98.48,10007,France,393.92
INV100135,SC1036,HDMI Cable,8,2023-01-14 07:29:00,32.4,10000,United Kingdom,259.2
INV100136,SC1046,Desk Lamp,4,2023-01-12 05:23:00,96.31,10036,Germany,385.24
INV100137,SC1013,Bluetooth Speaker,8,2023-01-05 00:22:00,42.0,10062,Spain,336.0
INV100138,SC1002,Bluetooth Speaker,8,2023-01-16 17:21:00,41.62,10021,Spain,332.96
INV100139,SC1000,Gaming Keyboard,5,2023-01-14 01:12:00,37.34,10069,Germany,186.70000000000002
INV100140,SC1004,Laptop Stand,4,2023-01-25 17:05:00,56.43,10020,United Kingdom,225.72
INV100141,SC1025,Gaming Keyboard,2,2023-01-22 07:22:00,19.64,10095,Spain,39.28
INV100142,SC1013,Laptop Stand,3,2023-01-14 02:40:00,57.6,10034,Germany,172.8
INV100143,SC1038,LED Monitor,3,2023-01-27 10:27:00,56.46,10078,Italy,169.38
INV100144,SC1026,Bluetooth Speaker,4,2023-01-30 15:25:00,77.38,10004,United Kingdom,309.52
INV100145,SC1008,Notebook,4,2023-01-13 13:13:00,84.2,10059,Spain,336.8
INV100146,SC1014,USB-C Cable,5,2023-01-26 00:35:00,46.84,10045,United Kingdom,234.20000000000002
INV100147,SC1014,Laptop Stand,4,2023-01-26 19:34:00,33.72,10049,United Kingdom,134.88
INV100148,SC1025,Bluetooth Speaker,8,2023-01-18 05:57:00,29.64,10047,United Kingdom,237.12
INV100149,SC1041,LED Monitor,6,2023-01-13 09:06:00,23.49,10005,Spain,140.94
INV100150,SC1012,USB-C Cable,6,2023-01-18 08:21:00,10.48,10088,Italy,62.88
INV100151,SC1031,USB-C Cable,8,2023-01-08 05:02:00,37.53,10055,Spain,300.24
INV100152,SC1038,Noise Cancelling Headphones,7,2023-01-04 01:57:00,30.67,10058,Spain,214.69
INV100153,SC1048,Wireless Mouse,8,2023-01-04 18:35:00,96.81,10028,France,774.48
INV100154,SC1031,USB-C Cable,2,2023-01-18 05:39:00,57.98,10070,United Kingdom,115.96
INV100155,SC1003,Noise Cancelling Headphones,9,2023-01-26 14:35:00,37.99,10076,France,341.91
INV100156,SC1029,USB-C Cable,1,2023-01-23 05:02:00,60.14,10017,France,60.14
INV100157,SC1036,Notebook,8,2023-01-24 03:28:00,18.22,10001,Germany,145.76
INV100158,SC1022,Noise Cancelling Headphones,4,2023-01-09 13:29:00,47.18,10007,France,188.72
INV100159,SC1038,Bluetooth Speaker,4,2023-01-18 11:29:00,64.49,10074,Italy,257.96
INV100160,SC1044,Notebook,5,2023-01-16 05:32:00,51.45,10096,Italy,257.25
INV100161,SC1014,Gaming Keyboard,8,2023-01-25 00:34:00,43.17,10053,Italy,345.36
INV100162,SC1042,Gaming Keyboard,5,2023-01-08 22:21:00,99.42,10037,United Kingdom,497.1
INV100163,SC1028,Wireless Mouse,8,2023-01-06 07:09:00,88.63,10047,Germany,709.04
INV100164,SC1035,Wireless Mouse,1,2023-01-06 18:45:00,64.22,10026,Italy,64.22
INV100165,SC1012,HDMI Cable,9,2023-01-20 18:55:00,59.09,10019,France,531.8100000000001
INV100166,SC1031,USB-C Cable,6,2023-01-23 01:10:00,63.96,10011,Italy,383.76
INV100167,SC1006,Noise Cancelling Headphones,3,2023-01-21 13:39:00,24.12,10042,Italy,72.36
INV100168,SC1021,Laptop Stand,8,2023-01-29 02:21:00,42.54,10060,Italy,340.32
INV100169,SC1027,Gaming Keyboard,9,2023-01-06 17:44:00,8.75,10030,Spain,78.75
INV100170,SC1001,Gaming Keyboard,6,2023-01-09 19:26:00,50.18,10090,Germany,301.08
INV100171,SC1041,Laptop Stand,7,2023-01-17 19:46:00,56.59,10095,United Kingdom,396.13
INV100172,SC1044,LED Monitor,1,2023-01-05 16:01:00,26.64,10060,Spain,26.64
INV100173,SC1005,Laptop Stand,5,2023-01-15 07:29:00,96.58,10073,Germany,482.9
INV100174,SC1027,Wireless Mouse,5,2023-01-06 02:53:00,91.4,10066,France,457.0
INV100175,SC1027,USB-C Cable,4,2023-01-27 20:35:00,73.6,10090,Spain,294.4
INV100176,SC1043,Gaming Keyboard,6,2023-01-21 02:17:00,55.67,10034,Spain,334.02
INV100177,SC1043,Wireless Mouse,7,2023-01-04 22:16:00,87.65,10094,France,613.5500000000001
INV100178,SC1019,USB-C Cable,9,2023-01-07 05:44:00,17.41,10014,Germany,156.69
INV100179,SC1029,USB-C Cable,1,2023-01-21 19:44:00,80.1,10015,United Kingdom,80.1
INV100180,SC1010,Wireless Mouse,6,2023-01-06 18:06:00,16.86,10012,Germany,101.16
INV100181,SC1027,Gaming Keyboard,7,2023-01-05 02:21:00,80.45,10034,Spain,563.15
INV100182,SC1024,Notebook,3,2023-01-22 21:52:00,31.2,10074,Italy,93.6
INV100183,SC1038,Laptop Stand,8,2023-01-18 20:29:00,88.32,10058,Italy,706.56
INV100184,SC1032,Gaming Keyboard,5,2023-01-22 13:35:00,94.68,10020,United Kingdom,473.40000000000003
INV100185,SC1000,Wireless Mouse,9,2023-01-27 04:05:00,19.14,10053,France,172.26
INV100186,SC1026,LED Monitor,5,2023-01-06 20:29:00,48.95,10074,France,244.75
INV100187,SC1012,Desk Lamp,9,2023-01-11 05:16:00,98.19,10029,France,883.71
INV100188,SC1040,USB-C Cable,4,2023-01-08 17:38:00,50.92,10047,Germany,203.68
INV100189,SC1002,HDMI Cable,9,2023-01-25 12:18:00,87.04,10034,Germany,783.36
INV100190,SC1038,Bluetooth Speaker,5,2023-01-17 06:29:00,60.93,10085,France,304.65
INV100191,SC1005,HDMI Cable,9,2023-01-05 00:12:00,40.66,10037,Germany,365.93999999999994
INV100192,SC1007,Gaming Keyboard,3,2023-01-25 19:32:00,32.15,10030,Germany,96.44999999999999
INV100193,SC1026,Wireless Mouse,4,2023-01-28 17:05:00,24.31,10077,United Kingdom,97.24
INV100194,SC1008,Laptop Stand,9,2023-01-13 01:07:00,77.37,10023,Germany,696.33
INV100195,SC1036,USB-C Cable,6,2023-01-12 18:00:00,41.72,10048,United Kingdom,250.32
INV100196,SC1032,LED Monitor,2,2023-01-23 02:22:00,53.57,10095,Italy,107.14
INV100197,SC1041,Gaming Keyboard,7,2023-01-28 20:28:00,51.77,10099,Spain,362.39000000000004
INV100198,SC1043,Gaming Keyboard,2,2023-01-17 08:43:00,59.84,10031,United Kingdom,119.68
INV100199,SC1023,LED Monitor,2,2023-01-06 12:47:00,87.23,10054,United Kingdom,174.46
INV100200,SC1014,HDMI Cable,1,2023-01-09 05:51:00,98.17,10078,Spain,98.17
INV100201,SC1031,Bluetooth Speaker,3,2023-01-20 23:23:00,43.72,10057,Italy,131.16
INV100202,SC1031,Bluetooth Speaker,6,2023-01-09 06:36:00,83.61,10098,Italy,501.65999999999997
INV100203,SC1023,Wireless Mouse,8,2023-01-07 01:34:00,77.63,10002,France,621.04
INV100204,SC1040,Bluetooth Speaker,9,2023-01-24 08:13:00,59.49,10079,Germany,535.41
INV100205,SC1048,Wireless Mouse,7,2023-01-20 13:39:00,95.82,10068,Germany,670.74
INV100206,SC1048,Wireless Mouse,4,2023-01-25 11:42:00,24.05,10084,Spain,96.2
INV100207,SC1011,LED Monitor,6,2023-01-09 19:17:00,15.38,10009,Italy,92.28
INV100208,SC1038,Laptop Stand,5,2023-01-13 16:28:00,86.13,10082,Italy,430.65
INV100209,SC1001,Gaming Keyboard,8,2023-01-09 13:30:00,46.72,10024,United Kingdom,373.76
INV100210,SC1002,Laptop Stand,1,2023-01-15 09:33:00,85.46,10067,Germany,85.46
INV100211,SC1048,Laptop Stand,1,2023-01-27 08:27:00,89.84,10060,Italy,89.84
INV100212,SC1036,Wireless Mouse,6,2023-01-19 22:46:00,10.93,10028,Italy,65.58
INV100213,SC1048,Noise Cancelling Headphones,2,2023-01-05 14:10:00,88.93,10018,Spain,177.86
INV100214,SC1016,HDMI Cable,5,2023-01-05 11:10:00,47.59,10042,Germany,237.95000000000002
INV100215,SC1048,Wireless Mouse,1,2023-01-28 17:22:00,53.49,10065,Germany,53.49
INV100216,SC1001,Noise Cancelling Headphones,7,2023-01-10 14:28:00,64.53,10073,Spain,451.71000000000004
INV100217,SC1001,Wireless Mouse,1,2023-01-30 19:13:00,93.01,10060,United Kingdom,93.01
INV100218,SC1027,Laptop Stand,4,2023-01-22 20:57:00,6.82,10042,Italy,27.28
INV100219,SC1022,LED Monitor,9,2023-01-28 06:16:00,50.3,10024,Spain,452.7
INV100220,SC1036,Desk Lamp,1,2023-01-26 10:18:00,70.33,10019,Germany,70.33
INV100221,SC1031,HDMI Cable,4,2023-01-19 10:06:00,73.66,10047,Italy,294.64
INV100222,SC1032,Gaming Keyboard,6,2023-01-21 22:38:00,70.79,10082,Spain,424.74
INV100223,SC1000,USB-C Cable,6,2023-01-18 09:12:00,17.77,10086,Germany,106.62
INV100224,SC1018,HDMI Cable,8,2023-01-27 06:46:00,33.44,10023,Germany,267.52
INV100225,SC1001,Wireless Mouse,1,2023-01-21 16:34:00,39.08,10010,Germany,39.08
INV100226,SC1043,Bluetooth Speaker,7,2023-01-04 18:48:00,81.42,10097,United Kingdom,569.94
INV100227,SC1025,Laptop Stand,1,2023-01-21 01:01:00,31.48,10054,Italy,31.48
INV100228,SC1031,Gaming Keyboard,7,2023-01-20 13:01:00,25.02,10027,France,175.14
INV100229,SC1005,USB-C Cable,3,2023-01-07 07:14:00,95.96,10068,United Kingdom,287.88
INV100230,SC1031,Noise Cancelling Headphones,8,2023-01-05 10:46:00,5.84,10062,Italy,46.72
INV100231,SC1003,LED Monitor,3,2023-01-23 02:23:00,99.79,10058,Italy,299.37
INV100232,SC1010,USB-C Cable,1,2023-01-17 04:11:00,69.3,10004,Italy,69.3
INV100233,SC1016,Notebook,8,2023-01-29 20:48:00,83.7,10050,Germany,669.6
INV100234,SC1037,Notebook,3,2023-01-23 05:23:00,32.99,10020,France,98.97
INV100235,SC1023,HDMI Cable,2,2023-01-24 21:26:00,6.36,10011,Germany,12.72
INV100236,SC1004,Bluetooth Speaker,1,2023-01-17 04:32:00,75.1,10049,Germany,75.1
INV100237,SC1033,Bluetooth Speaker,3,2023-01-30 22:28:00,84.24,10003,Italy,252.71999999999997
INV100238,SC1005,HDMI Cable,2,2023-01-01 23:02:00,75.35,10041,Germany,150.7
INV100239,SC1021,Notebook,2,2023-01-24 17:31:00,18.57,10083,Spain,37.14
INV100240,SC1010,Desk Lamp,6,2023-01-30 00:19:00,76.58,10037,Germany,459.48
INV100241,SC1047,Bluetooth Speaker,1,2023-01-03 06:52:00,78.05,10024,United Kingdom,78.05
INV100242,SC1015,Bluetooth Speaker,2,2023-01-30 00:19:00,67.56,10013,United Kingdom,135.12
INV100243,SC1032,HDMI Cable,6,2023-01-24 01:07:00,77.78,10074,Germany,466.68
INV100244,SC1008,Gaming Keyboard,3,2023-01-09 14:51:00,85.36,10031,France,256.08
INV100245,SC1005,Notebook,4,2023-01-26 21:25:00,63.29,10010,Spain,253.16
INV100246,SC1015,Notebook,1,2023-01-11 17:02:00,13.42,10060,Italy,13.42
INV100247,SC1028,Noise Cancelling Headphones,8,2023-01-30 11:48:00,51.32,10017,Spain,410.56
INV100248,SC1002,Desk Lamp,7,2023-01-23 11:31:00,12.38,10026,United Kingdom,86.66000000000001
INV100249,SC1019,Noise Cancelling Headphones,7,2023-01-04 22:53:00,43.72,10054,Germany,306.03999999999996
INV100250,SC1035,Gaming Keyboard,3,2023-01-24 06:55:00,43.68,10053,Germany,131.04
INV100251,SC1018,Gaming Keyboard,3,2023-01-11 06:58:00,11.27,10081,Spain,33.81
INV100252,SC1025,Notebook,2,2023-01-22 16:38:00,38.14,10086,France,76.28
INV100253,SC1002,Desk Lamp,1,2023-01-22 10:34:00,15.54,10074,United Kingdom,15.54
INV100254,SC1018,Bluetooth Speaker,7,2023-01-19 13:15:00,81.78,10020,France,572.46
INV100255,SC1019,Gaming Keyboard,7,2023-01-20 04:05:00,95.03,10043,France,665.21
INV100256,SC1031,Noise Cancelling Headphones,2,2023-01-24 19:57:00,11.87,10004,Spain,23.74
INV100257,SC1006,Bluetooth Speaker,7,2023-01-22 15:34:00,95.74,10086,Italy,670.18
INV100258,SC1040,Noise Cancelling Headphones,8,2023-01-07 21:56:00,54.64,10040,France,437.12
INV100259,SC1032,Notebook,1,2023-01-28 00:28:00,33.46,10058,Spain,33.46
INV100260,SC1039,USB-C Cable,9,2023-01-08 12:37:00,12.3,10088,Italy,110.7
INV100261,SC1038,Laptop Stand,7,2023-01-03 13:56:00,52.56,10053,France,367.92
INV100262,SC1017,Notebook,3,2023-01-04 02:41:00,80.48,10073,United Kingdom,241.44
INV100263,SC1039,Noise Cancelling Headphones,8,2023-01-17 20:42:00,72.17,10021,United Kingdom,577.36
INV100264,SC1000,Wireless Mouse,7,2023-01-05 13:08:00,9.77,10082,France,68.39
INV100265,SC1010,Desk Lamp,8,2023-01-27 02:45:00,11.93,10064,Germany,95.44
INV100266,SC1027,Gaming Keyboard,6,2023-01-06 09:18:00,43.27,10063,Germany,259.62
INV100267,SC1024,Noise Cancelling Headphones,9,2023-01-17 02:17:00,33.05,10070,Italy,297.45
INV100268,SC1049,Wireless Mouse,5,2023-01-17 16:22:00,27.08,10003,France,135.39999999999998
INV100269,SC1022,HDMI Cable,3,2023-01-29 07:21:00,31.7,10064,Italy,95.1
INV100270,SC1030,USB-C Cable,3,2023-01-04 20:22:00,81.33,10014,United Kingdom,243.99
INV100271,SC1029,USB-C Cable,1,2023-01-18 16:36:00,93.28,10075,Italy,93.28
INV100272,SC1041,Noise Cancelling Headphones,8,2023-01-22 09:04:00,43.48,10021,Spain,347.84
INV100273,SC1034,Wireless Mouse,2,2023-01-16 19:00:00,91.08,10085,Spain,182.16
INV100274,SC1006,USB-C Cable,3,2023-01-18 05:37:00,35.54,10046,Spain,106.62
INV100275,SC1015,Notebook,8,2023-01-12 03:32:00,50.26,10080,Germany,402.08
INV100276,SC1025,LED Monitor,8,2023-01-25 09:53:00,26.47,10092,Italy,211.76
INV100277,SC1047,USB-C Cable,4,2023-01-01 11:11:00,65.85,10045,Spain,263.4
INV100278,SC1048,Bluetooth Speaker,4,2023-01-01 02:43:00,98.0,10013,Spain,392.0
INV100279,SC1001,Laptop Stand,5,2023-01-29 18:24:00,62.33,10049,Italy,311.65
INV100280,SC1000,Wireless Mouse,6,2023-01-04 07:55:00,38.99,10019,United Kingdom,233.94
INV100281,SC1047,Bluetooth Speaker,5,2023-01-08 09:14:00,66.54,10049,France,332.70000000000005
INV100282,SC1011,HDMI Cable,7,2023-01-04 07:58:00,16.68,10032,Germany,116.75999999999999
INV100283,SC1004,Bluetooth Speaker,2,2023-01-16 13:40:00,89.42,10058,United Kingdom,178.84
INV100284,SC1036,USB-C Cable,7,2023-01-21 08:20:00,52.79,10042,United Kingdom,369.53
INV100285,SC1031,USB-C Cable,7,2023-01-17 21:45:00,47.69,10078,Germany,333.83
INV100286,SC1008,Wireless Mouse,1,2023-01-08 11:09:00,60.66,10011,France,60.66
INV100287,SC1040,USB-C Cable,7,2023-01-27 19:15:00,64.35,10039,Spain,450.44999999999993
INV100288,SC1034,Bluetooth Speaker,5,2023-01-18 10:41:00,11.82,10019,United Kingdom,59.1
INV100289,SC1018,Wireless Mouse,3,2023-01-27 00:47:00,69.85,10093,Spain,209.54999999999998
INV100290,SC1047,USB-C Cable,3,2023-01-20 17:31:00,27.98,10037,Spain,83.94
INV100291,SC1015,Bluetooth Speaker,4,2023-01-24 04:01:00,72.83,10002,Spain,291.32
INV100292,SC1002,Gaming Keyboard,2,2023-01-15 17:43:00,83.14,10027,Spain,166.28
INV100293,SC1019,HDMI Cable,2,2023-01-06 03:14:00,81.38,10055,Germany,162.76
INV100294,SC1023,Laptop Stand,1,2023-01-10 18:16:00,57.49,10089,Italy,57.49
INV100295,SC1032,Wireless Mouse,5,2023-01-20 17:00:00,54.42,10093,United Kingdom,272.1
INV100296,SC1023,Laptop Stand,4,2023-01-19 01:55:00,18.57,10012,Italy,74.28
INV100297,SC1010,Desk Lamp,2,2023-01-22 06:20:00,78.66,10076,Spain,157.32
INV100298,SC1048,Wireless Mouse,3,2023-01-14 19:17:00,30.78,10065,Spain,92.34
INV100299,SC1007,Laptop Stand,7,2023-01-22 11:11:00,52.19,10036,Germany,365.33
INV100300,SC1035,LED Monitor,7,2023-01-23 18:24:00,32.01,10048,Spain,224.07
INV100301,SC1037,LED Monitor,4,2023-01-03 05:11:00,17.71,10065,France,70.84
INV100302,SC1039,Noise Cancelling Headphones,5,2023-01-24 00:40:00,64.81,10035,France,324.05
INV100303,SC1019,Desk Lamp,5,2023-01-18 08:40:00,10.16,10053,France,50.8
INV100304,SC1034,Desk Lamp,6,2023-01-28 02:40:00,76.12,10025,Germany,456.72
INV100305,SC1047,Wireless Mouse,9,2023-01-03 12:31:00,35.17,10074,United Kingdom,316.53000000000003
INV100306,SC1024,HDMI Cable,2,2023-01-05 06:52:00,5.01,10071,France,10.02
INV100307,SC1034,Bluetooth Speaker,5,2023-01-30 05:20:00,53.56,10039,Spain,267.8
INV100308,SC1024,Noise Cancelling Headphones,3,2023-01-17 08:41:00,9.45,10042,Spain,28.349999999999998
INV100309,SC1028,HDMI Cable,4,2023-01-18 05:37:00,31.24,10021,Germany,124.96
INV100310,SC1017,LED Monitor,6,2023-01-15 02:01:00,72.16,10019,Italy,432.96
INV100311,SC1045,HDMI Cable,8,2023-01-20 21:51:00,10.96,10007,Italy,87.68
INV100312,SC1017,Desk Lamp,1,2023-01-18 14:44:00,84.74,10028,France,84.74
INV100313,SC1001,Laptop Stand,8,2023-01-29 22:34:00,5.36,10039,Italy,42.88
INV100314,SC1034,Laptop Stand,7,2023-01-20 01:05:00,28.45,10089,Spain,199.15
INV100315,SC1015,LED Monitor,1,2023-01-20 20:42:00,75.39,10029,France,75.39
INV100316,SC1040,Gaming Keyboard,2,2023-01-17 03:33:00,35.05,10080,Spain,70.1
INV100317,SC1035,USB-C Cable,3,2023-01-17 07:12:00,14.68,10083,Italy,44.04
INV100318,SC1032,LED Monitor,1,2023-01-06 14:40:00,39.22,10054,Germany,39.22
INV100319,SC1003,Desk Lamp,9,2023-01-05 22:19:00,30.69,10015,Italy,276.21000000000004
INV100320,SC1032,Desk Lamp,8,2023-01-18 15:51:00,85.06,10045,Germany,680.48
INV100321,SC1013,USB-C Cable,2,2023-01-22 15:46:00,34.77,10061,Germany,69.54
INV100322,SC1020,LED Monitor,9,2023-01-21 21:51:00,79.95,10006,Spain,719.5500000000001
INV100323,SC1047,USB-C Cable,7,2023-01-28 16:11:00,89.73,10079,France,628.11
INV100324,SC1019,Noise Cancelling Headphones,9,2023-01-16 16:54:00,46.21,10044,Italy,415.89
INV100325,SC1007,Noise Cancelling Headphones,6,2023-01-19 13:24:00,91.44,10058,Italy,548.64
INV100326,SC1006,Bluetooth Speaker,6,2023-01-30 03:51:00,40.85,10055,France,245.10000000000002
INV100327,SC1002,Laptop Stand,4,2023-01-04 10:20:00,96.59,10047,Italy,386.36
INV100328,SC1016,Notebook,2,2023-01-20 23:18:00,13.48,10026,Germany,26.96
INV100329,SC1032,Notebook,7,2023-01-26 03:44:00,70.27,10052,Germany,491.89
INV100330,SC1047,Notebook,5,2023-01-06 09:48:00,51.91,10086,Italy,259.54999999999995
INV100331,SC1011,Desk Lamp,6,2023-01-20 12:02:00,41.83,10087,United Kingdom,250.98
INV100332,SC1021,Desk Lamp,2,2023-01-17 16:34:00,65.11,10072,France,130.22
INV100333,SC1021,LED Monitor,5,2023-01-25 15:19:00,71.87,10034,Germany,359.35
INV100334,SC1045,Bluetooth Speaker,4,2023-01-08 20:00:00,5.41,10050,France,21.64
INV100335,SC1029,Gaming Keyboard,9,2023-01-13 12:52:00,20.86,10083,France,187.74
INV100336,SC1037,HDMI Cable,6,2023-01-12 11:31:00,72.74,10036,United Kingdom,436.43999999999994
INV100337,SC1037,USB-C Cable,2,2023-01-16 20:04:00,68.31,10080,Germany,136.62
INV100338,SC1044,USB-C Cable,1,2023-01-21 01:43:00,96.77,10094,Italy,96.77
INV100339,SC1007,USB-C Cable,5,2023-01-08 01:02:00,77.3,10056,Spain,386.5
INV100340,SC1026,Bluetooth Speaker,9,2023-01-07 20:26:00,95.32,10007,United Kingdom,857.8799999999999
INV100341,SC1026,Gaming Keyboard,6,2023-01-04 03:31:00,71.74,10078,Italy,430.43999999999994
INV100342,SC1033,LED Monitor,7,2023-01-27 10:58:00,33.31,10094,Italy,233.17000000000002
INV100343,SC1020,Desk Lamp,5,2023-01-27 13:58:00,15.01,10093,Germany,75.05
INV100344,SC1029,Noise Cancelling Headphones,6,2023-01-20 12:58:00,79.27,10019,Italy,475.62
INV100345,SC1032,Bluetooth Speaker,5,2023-01-19 19:05:00,66.19,10052,United Kingdom,330.95
INV100346,SC1027,USB-C Cable,9,2023-01-21 19:16:00,9.58,10011,Spain,86.22
INV100347,SC1046,Notebook,6,2023-01-29 23:32:00,39.2,10048,France,235.20000000000002
INV100348,SC1032,USB-C Cable,8,2023-01-28 06:21:00,95.9,10016,United Kingdom,767.2
INV100349,SC1004,Wireless Mouse,2,2023-01-08 11:19:00,52.54,10063,Spain,105.08
INV100350,SC1047,LED Monitor,9,2023-01-04 18:39:00,46.11,10041,France,414.99
INV100351,SC1018,Laptop Stand,5,2023-01-30 12:53:00,48.48,10093,Italy,242.39999999999998
INV100352,SC1003,Laptop Stand,7,2023-01-20 15:10:00,24.84,10028,United Kingdom,173.88
INV100353,SC1034,USB-C Cable,1,2023-01-10 05:19:00,40.03,10018,Germany,40.03
INV100354,SC1048,HDMI Cable,5,2023-01-28 06:39:00,40.13,10010,United Kingdom,200.65
INV100355,SC1016,Gaming Keyboard,2,2023-01-17 14:08:00,9.97,10097,Italy,19.94
INV100356,SC1043,HDMI Cable,6,2023-01-13 05:50:00,77.92,10049,France,467.52
INV100357,SC1027,LED Monitor,1,2023-01-25 09:44:00,44.57,10070,Spain,44.57
INV100358,SC1029,Bluetooth Speaker,3,2023-01-22 15:42:00,83.11,10057,Italy,249.32999999999998
INV100359,SC1028,LED Monitor,5,2023-01-18 17:38:00,85.78,10033,United Kingdom,428.9
INV100360,SC1045,Laptop Stand,4,2023-01-09 05:04:00,25.14,10019,France,100.56
INV100361,SC1005,Laptop Stand,3,2023-01-23 07:25:00,67.45,10049,France,202.35000000000002
INV100362,SC1034,Bluetooth Speaker,5,2023-01-05 20:19:00,49.87,10087,Spain,249.35
INV100363,SC1040,Wireless Mouse,8,2023-01-19 04:29:00,88.61,10009,Spain,708.88
INV100364,SC1036,Noise Cancelling Headphones,4,2023-01-30 14:00:00,25.5,10031,Italy,102.0
INV100365,SC1023,Notebook,1,2023-01-09 16:24:00,69.39,10051,Spain,69.39
INV100366,SC1028,USB-C Cable,7,2023-01-15 08:29:00,62.74,10014,Germany,439.18
INV100367,SC1048,HDMI Cable,8,2023-01-05 19:10:00,33.05,10083,United Kingdom,264.4
INV100368,SC1045,Noise Cancelling Headphones,3,2023-01-25 06:44:00,17.98,10002,Germany,53.94
INV100369,SC1030,Gaming Keyboard,6,2023-01-14 23:31:00,66.91,10036,France,401.46
INV100370,SC1034,LED Monitor,2,2023-01-18 12:27:00,75.17,10039,Spain,150.34
INV100371,SC1032,LED Monitor,7,2023-01-05 03:38:00,34.98,10071,Germany,244.85999999999999
INV100372,SC1020,Notebook,8,2023-01-16 06:31:00,66.26,10039,France,530.08
INV100373,SC1031,Laptop Stand,6,2023-01-12 21:53:00,42.54,10055,Italy,255.24
INV100374,SC1022,Desk Lamp,6,2023-01-24 07:08:00,72.75,10022,Spain,436.5
INV100375,SC1032,Wireless Mouse,5,2023-01-30 15:16:00,23.93,10010,United Kingdom,119.65
INV100376,SC1002,Wireless Mouse,8,2023-01-28 03:11:00,89.57,10063,France,716.56
INV100377,SC1017,Bluetooth Speaker,1,2023-01-03 18:23:00,32.3,10007,France,32.3
INV100378,SC1024,Bluetooth Speaker,4,2023-01-07 14:23:00,39.94,10092,Germany,159.76
INV100379,SC1041,Wireless Mouse,4,2023-01-21 18:41:00,10.52,10093,Germany,42.08
INV100380,SC1030,USB-C Cable,3,2023-01-12 17:45:00,15.59,10055,Germany,46.769999999999996
INV100381,SC1002,Noise Cancelling Headphones,3,2023-01-17 15:13:00,54.01,10059,Italy,162.03
INV100382,SC1039,Bluetooth Speaker,4,2023-01-19 14:46:00,30.42,10009,Germany,121.68
INV100383,SC1045,Wireless Mouse,1,2023-01-16 09:28:00,84.37,10038,United Kingdom,84.37
INV100384,SC1023,USB-C Cable,2,2023-01-04 04:23:00,6.4,10027,Spain,12.8
INV100385,SC1049,Noise Cancelling Headphones,9,2023-01-27 21:14:00,41.01,10048,France,369.09
INV100386,SC1031,HDMI Cable,2,2023-01-28 16:56:00,37.05,10035,Germany,74.1
INV100387,SC1046,USB-C Cable,5,2023-01-09 06:09:00,6.84,10012,Italy,34.2
INV100388,SC1021,Laptop Stand,9,2023-01-20 00:53:00,16.81,10095,United Kingdom,151.29
INV100389,SC1022,Laptop Stand,9,2023-01-09 12:35:00,44.3,10035,United Kingdom,398.7
INV100390,SC1001,Gaming Keyboard,8,2023-01-02 17:01:00,51.82,10025,Germany,414.56
INV100391,SC1026,Noise Cancelling Headphones,1,2023-01-10 22:11:00,43.41,10085,Italy,43.41
INV100392,SC1041,Gaming Keyboard,1,2023-01-08 22:35:00,55.44,10003,Spain,55.44
INV100393,SC1001,Notebook,9,2023-01-20 09:35:00,61.54,10094,United Kingdom,553.86
INV100394,SC1025,USB-C Cable,8,2023-01-24 05:33:00,5.94,10081,France,47.52
INV100395,SC1016,Laptop Stand,9,2023-01-13 21:04:00,49.09,10063,Germany,441.81000000000006
INV100396,SC1039,Noise Cancelling Headphones,7,2023-01-09 12:18:00,96.53,10037,Germany,675.71
INV100397,SC1032,Laptop Stand,3,2023-01-22 10:01:00,54.31,10087,France,162.93
INV100398,SC1008,Desk Lamp,3,2023-01-08 10:56:00,69.37,10086,Spain,208.11
INV100399,SC1042,Desk Lamp,2,2023-01-27 03:23:00,34.63,10021,France,69.26
INV100400,SC1047,Gaming Keyboard,5,2023-01-25 06:44:00,78.53,10001,Spain,392.65
INV100401,SC1038,Gaming Keyboard,3,2023-01-20 11:24:00,78.43,10030,Spain,235.29000000000002
INV100402,SC1028,Noise Cancelling Headphones,6,2023-01-28 17:33:00,54.52,10010,United Kingdom,327.12
INV100403,SC1041,Laptop Stand,2,2023-01-12 02:37:00,97.72,10091,Italy,195.44
INV100404,SC1025,Bluetooth Speaker,3,2023-01-10 20:55:00,16.93,10045,France,50.79
INV100405,SC1034,Wireless Mouse,5,2023-01-23 23:09:00,6.61,10095,France,33.050000000000004
INV100406,SC1049,Laptop Stand,1,2023-01-17 14:31:00,78.17,10061,Spain,78.17
INV100407,SC1024,Laptop Stand,1,2023-01-12 19:50:00,81.68,10068,Germany,81.68
INV100408,SC1023,Notebook,9,2023-01-21 08:54:00,16.42,10063,Italy,147.78000000000003
INV100409,SC1012,HDMI Cable,7,2023-01-11 02:51:00,30.23,10009,France,211.61
INV100410,SC1006,Laptop Stand,1,2023-01-30 15:59:00,6.67,10039,France,6.67
INV100411,SC1035,LED Monitor,8,2023-01-21 02:07:00,32.86,10023,Italy,262.88
INV100412,SC1044,Wireless Mouse,3,2023-01-15 09:14:00,78.45,10098,Italy,235.35000000000002
INV100413,SC1019,HDMI Cable,8,2023-01-17 05:47:00,54.21,10043,Italy,433.68
INV100414,SC1000,LED Monitor,5,2023-01-20 18:04:00,38.07,10059,United Kingdom,190.35
INV100415,SC1007,Bluetooth Speaker,1,2023-01-14 20:01:00,40.32,10061,United Kingdom,40.32
INV100416,SC1045,Noise Cancelling Headphones,7,2023-01-10 01:37:00,5.13,10086,United Kingdom,35.91
INV100417,SC1015,Noise Cancelling Headphones,5,2023-01-18 06:18:00,33.48,10016,Germany,167.39999999999998
INV100418,SC1013,Noise Cancelling Headphones,6,2023-01-19 02:22:00,66.41,10064,Italy,398.46
INV100419,SC1011,LED Monitor,6,2023-01-26 14:10:00,97.55,10094,United Kingdom,585.3
INV100420,SC1022,Desk Lamp,8,2023-01-15 06:47:00,85.47,10094,Spain,683.76
INV100421,SC1014,Bluetooth Speaker,9,2023-01-21 15:39:00,7.24,10056,United Kingdom,65.16
INV100422,SC1027,Noise Cancelling Headphones,2,2023-01-03 14:34:00,90.36,10054,United Kingdom,180.72
INV100423,SC1033,LED Monitor,9,2023-01-19 18:44:00,79.4,10052,Germany,714.6
INV100424,SC1001,Noise Cancelling Headphones,9,2023-01-02 04:44:00,79.14,10055,United Kingdom,712.26
INV100425,SC1031,Gaming Keyboard,7,2023-01-01 22:56:00,48.51,10097,Germany,339.57
INV100426,SC1022,USB-C Cable,1,2023-01-07 01:06:00,42.81,10008,France,42.81
INV100427,SC1021,Bluetooth Speaker,7,2023-01-07 04:14:00,33.78,10021,Germany,236.46
INV100428,SC1024,HDMI Cable,5,2023-01-13 12:37:00,11.24,10012,United Kingdom,56.2
INV100429,SC1021,Gaming Keyboard,6,2023-01-13 19:30:00,26.68,10088,Spain,160.07999999999998
INV100430,SC1021,Noise Cancelling Headphones,7,2023-01-12 09:26:00,28.43,10047,Spain,199.01
INV100431,SC1048,Notebook,5,2023-01-21 15:25:00,50.99,10017,France,254.95000000000002
INV100432,SC1041,USB-C Cable,7,2023-01-05 02:46:00,76.01,10075,Germany,532.07
INV100433,SC1005,Notebook,9,2023-01-28 02:19:00,50.01,10039,United Kingdom,450.09
INV100434,SC1014,Notebook,3,2023-01-07 14:16:00,10.5,10016,Italy,31.5
INV100435,SC1042,USB-C Cable,8,2023-01-26 01:08:00,95.99,10014,United Kingdom,767.92
INV100436,SC1036,Noise Cancelling Headphones,2,2023-01-21 16:46:00,94.56,10014,Italy,189.12
INV100437,SC1032,USB-C Cable,7,2023-01-16 17:43:00,79.59,10078,Italy,557.13
INV100438,SC1007,Notebook,2,2023-01-29 16:41:00,99.18,10062,Germany,198.36
INV100439,SC1043,Bluetooth Speaker,4,2023-01-26 08:15:00,56.73,10038,Spain,226.92
INV100440,SC1043,USB-C Cable,7,2023-01-16 17:36:00,96.46,10012,Italy,675.2199999999999
INV100441,SC1004,Notebook,3,2023-01-18 23:00:00,12.18,10080,United Kingdom,36.54
INV100442,SC1038,Desk Lamp,2,2023-01-12 16:32:00,39.74,10031,Spain,79.48
INV100443,SC1003,Wireless Mouse,7,2023-01-27 22:27:00,26.41,10008,Germany,184.87
INV100444,SC1005,Notebook,1,2023-01-16 02:07:00,23.6,10039,Germany,23.6
INV100445,SC1044,HDMI Cable,8,2023-01-30 17:35:00,18.38,10019,Spain,147.04
INV100446,SC1031,Bluetooth Speaker,3,2023-01-21 12:25:00,64.13,10089,United Kingdom,192.39
INV100447,SC1029,Bluetooth Speaker,2,2023-01-02 18:00:00,79.23,10090,Spain,158.46
INV100448,SC1046,Noise Cancelling Headphones,3,2023-01-03 03:21:00,59.94,10084,Italy,179.82
INV100449,SC1034,Notebook,5,2023-01-24 17:56:00,18.96,10081,Germany,94.80000000000001
INV100450,SC1039,Wireless Mouse,8,2023-01-26 12:15:00,82.06,10076,Germany,656.48
INV100451,SC1015,USB-C Cable,7,2023-01-28 05:33:00,65.42,10079,Italy,457.94
INV100452,SC1012,Desk Lamp,7,2023-01-11 02:46:00,41.88,10072,France,293.16
INV100453,SC1049,USB-C Cable,7,2023-01-10 18:02:00,69.04,10062,Germany,483.28000000000003
INV100454,SC1041,Gaming Keyboard,8,2023-01-18 16:58:00,29.69,10075,France,237.52
INV100455,SC1029,USB-C Cable,1,2023-01-08 20:49:00,37.79,10043,Spain,37.79
INV100456,SC1018,Laptop Stand,4,2023-01-22 23:36:00,92.16,10037,Germany,368.64
INV100457,SC1016,USB-C Cable,6,2023-01-02 11:59:00,32.6,10082,United Kingdom,195.60000000000002
INV100458,SC1018,LED Monitor,9,2023-01-27 07:40:00,49.65,10059,Italy,446.84999999999997
INV100459,SC1027,Gaming Keyboard,2,2023-01-14 10:43:00,89.56,10070,France,179.12
INV100460,SC1025,Notebook,1,2023-01-14 05:13:00,72.23,10098,Italy,72.23
INV100461,SC1036,Wireless Mouse,2,2023-01-08 12:05:00,10.91,10047,Italy,21.82
INV100462,SC1025,Bluetooth Speaker,7,2023-01-25 21:31:00,18.99,10017,Spain,132.92999999999998
INV100463,SC1022,Gaming Keyboard,3,2023-01-19 15:12:00,5.74,10015,France,17.22
INV100464,SC1008,Gaming Keyboard,2,2023-01-10 16:24:00,64.94,10054,United Kingdom,129.88
INV100465,SC1011,Bluetooth Speaker,7,2023-01-14 19:13:00,47.53,10038,United Kingdom,332.71000000000004
INV100466,SC1000,Gaming Keyboard,2,2023-01-29 00:52:00,17.76,10067,United Kingdom,35.52
INV100467,SC1000,LED Monitor,3,2023-01-17 14:48:00,96.0,10058,Spain,288.0
INV100468,SC1046,Laptop Stand,7,2023-01-11 16:19:00,55.32,10088,Italy,387.24
INV100469,SC1033,Bluetooth Speaker,4,2023-01-26 12:31:00,27.98,10095,Germany,111.92
INV100470,SC1031,LED Monitor,1,2023-01-24 23:46:00,52.56,10061,United Kingdom,52.56
INV100471,SC1047,Desk Lamp,5,2023-01-17 20:46:00,69.56,10012,Italy,347.8
INV100472,SC1024,Notebook,9,2023-01-04 13:10:00,12.24,10080,United Kingdom,110.16
INV100473,SC1039,LED Monitor,8,2023-01-09 09:27:00,31.1,10005,United Kingdom,248.8
INV100474,SC1044,Laptop Stand,9,2023-01-17 12:02:00,81.66,10082,Spain,734.9399999999999
INV100475,SC1000,Laptop Stand,9,2023-01-12 20:41:00,48.67,10076,United Kingdom,438.03000000000003
INV100476,SC1015,USB-C Cable,7,2023-01-25 06:27:00,56.92,10059,United Kingdom,398.44
INV100477,SC1038,Laptop Stand,4,2023-01-07 15:56:00,46.12,10089,Germany,184.48
INV100478,SC1004,Notebook,5,2023-01-27 09:39:00,9.17,10013,United Kingdom,45.85
INV100479,SC1021,HDMI Cable,1,2023-01-30 04:03:00,20.75,10094,Italy,20.75
INV100480,SC1028,HDMI Cable,1,2023-01-13 17:13:00,47.33,10053,Spain,47.33
INV100481,SC1002,Noise Cancelling Headphones,3,2023-01-01 16:53:00,24.87,10003,France,74.61
INV100482,SC1011,Noise Cancelling Headphones,8,2023-01-17 11:05:00,9.75,10038,Germany,78.0
INV100483,SC1025,Noise Cancelling Headphones,2,2023-01-02 06:28:00,85.15,10071,France,170.3
INV100484,SC1015,Wireless Mouse,4,2023-01-06 11:49:00,98.21,10024,United Kingdom,392.84
INV100485,SC1036,LED Monitor,2,2023-01-27 15:16:00,80.35,10076,Spain,160.7
INV100486,SC1021,Notebook,5,2023-01-10 02:29:00,86.11,10031,Italy,430.55
INV100487,SC1028,Bluetooth Speaker,9,2023-01-02 09:43:00,27.99,10058,Italy,251.91
INV100488,SC1013,Noise Cancelling Headphones,1,2023-01-11 02:17:00,96.26,10062,France,96.26
INV100489,SC1027,Notebook,5,2023-01-19 12:21:00,23.71,10037,Spain,118.55000000000001
INV100490,SC1004,Notebook,9,2023-01-27 20:19:00,95.39,10091,Italy,858.51
INV100491,SC1046,HDMI Cable,1,2023-01-24 12:08:00,99.51,10052,Spain,99.51
INV100492,SC1048,Laptop Stand,9,2023-01-27 06:04:00,72.61,10093,United Kingdom,653.49
INV100493,SC1029,HDMI Cable,8,2023-01-11 16:19:00,98.21,10066,Spain,785.68
INV100494,SC1045,Notebook,4,2023-01-20 06:46:00,59.11,10027,Spain,236.44
INV100495,SC1004,Gaming Keyboard,5,2023-01-02 18:43:00,29.66,10002,Spain,148.3
INV100496,SC1011,Noise Cancelling Headphones,5,2023-01-26 01:00:00,46.51,10097,France,232.54999999999998
INV100497,SC1015,Noise Cancelling Headphones,6,2023-01-21 06:37:00,61.39,10079,France,368.34000000000003
INV100498,SC1025,Laptop Stand,7,2023-01-03 11:46:00,11.94,10021,Italy,83.58
INV100499,SC1025,Bluetooth Speaker,8,2023-01-12 04:07:00,64.12,10095,France,512.96
INV100500,SC1047,Laptop Stand,8,2023-01-17 03:05:00,98.21,10037,Italy,785.68
INV100501,SC1020,Wireless Mouse,2,2023-01-21 15:50:00,23.06,10071,United Kingdom,46.12
INV100502,SC1038,Noise Cancelling Headphones,9,2023-01-05 14:43:00,80.3,10071,Germany,722.6999999999999
INV100503,SC1035,Noise Cancelling Headphones,7,2023-01-20 02:43:00,91.25,10061,France,638.75
INV100504,SC1032,Gaming Keyboard,4,2023-01-26 12:07:00,94.65,10056,Germany,378.6
INV100505,SC1029,Bluetooth Speaker,4,2023-01-08 15:25:00,96.21,10005,Spain,384.84
INV100506,SC1036,Laptop Stand,8,2023-01-01 02:41:00,54.54,10077,United Kingdom,436.32
INV100507,SC1022,Bluetooth Speaker,4,2023-01-12 03:09:00,97.84,10031,Germany,391.36
INV100508,SC1009,USB-C Cable,6,2023-01-10 21:06:00,76.94,10098,France,461.64
INV100509,SC1004,Laptop Stand,5,2023-01-20 22:51:00,20.36,10009,France,101.8
INV100510,SC1035,LED Monitor,3,2023-01-03 08:30:00,50.31,10002,Italy,150.93
INV100511,SC1033,USB-C Cable,2,2023-01-05 03:57:00,73.24,10058,Italy,146.48
INV100512,SC1030,Notebook,9,2023-01-09 19:33:00,28.5,10075,Italy,256.5
INV100513,SC1009,LED Monitor,9,2023-01-30 05:32:00,65.86,10048,Spain,592.74
INV100514,SC1018,Laptop Stand,1,2023-01-01 09:01:00,68.33,10058,Spain,68.33
INV100515,SC1031,Noise Cancelling Headphones,3,2023-01-16 03:37:00,20.46,10030,Italy,61.38
INV100516,SC1000,USB-C Cable,8,2023-01-27 07:01:00,58.68,10092,United Kingdom,469.44
INV100517,SC1004,HDMI Cable,6,2023-01-10 07:48:00,78.3,10068,United Kingdom,469.79999999999995
INV100518,SC1044,Bluetooth Speaker,5,2023-01-08 02:58:00,52.4,10061,Germany,262.0
INV100519,SC1003,Notebook,5,2023-01-12 03:24:00,6.15,10051,Germany,30.75
INV100520,SC1015,Desk Lamp,6,2023-01-21 10:11:00,5.86,10088,Spain,35.160000000000004
INV100521,SC1023,HDMI Cable,7,2023-01-04 19:09:00,38.92,10040,Spain,272.44
INV100522,SC1015,USB-C Cable,1,2023-01-21 00:54:00,92.99,10030,Germany,92.99
INV100523,SC1001,LED Monitor,9,2023-01-05 08:16:00,26.72,10084,France,240.48
INV100524,SC1048,Wireless Mouse,3,2023-01-08 10:40:00,65.26,10083,United Kingdom,195.78000000000003
INV100525,SC1027,Desk Lamp,4,2023-01-24 13:37:00,26.1,10021,Spain,104.4
INV100526,SC1031,Noise Cancelling Headphones,1,2023-01-24 07:58:00,35.56,10003,Italy,35.56
INV100527,SC1026,HDMI Cable,3,2023-01-02 03:31:00,85.56,10012,France,256.68
INV100528,SC1019,Gaming Keyboard,2,2023-01-14 07:54:00,74.24,10044,Italy,148.48
INV100529,SC1023,Wireless Mouse,2,2023-01-18 09:31:00,14.06,10041,United Kingdom,28.12
INV100530,SC1011,USB-C Cable,1,2023-01-20 00:26:00,45.73,10048,Italy,45.73
INV100531,SC1049,LED Monitor,8,2023-01-07 14:38:00,7.77,10019,France,62.16
INV100532,SC1034,Gaming Keyboard,3,2023-01-12 05:44:00,50.68,10076,United Kingdom,152.04
INV100533,SC1032,Noise Cancelling Headphones,3,2023-01-24 11:07:00,67.93,10080,Germany,203.79000000000002
INV100534,SC1032,Notebook,6,2023-01-16 00:21:00,16.26,10053,United Kingdom,97.56
INV100535,SC1042,USB-C Cable,8,2023-01-07 23:08:00,32.44,10035,Germany,259.52
INV100536,SC1036,Bluetooth Speaker,9,2023-01-09 15:28:00,42.79,10096,Germany,385.11
INV100537,SC1011,Notebook,9,2023-01-24 15:31:00,92.36,10000,Spain,831.24
INV100538,SC1002,HDMI Cable,4,2023-01-22 03:27:00,99.36,10014,Germany,397.44
INV100539,SC1000,USB-C Cable,5,2023-01-13 18:34:00,9.27,10076,Spain,46.349999999999994
INV100540,SC1032,Gaming Keyboard,2,2023-01-24 23:01:00,77.3,10016,Spain,154.6
INV100541,SC1039,Notebook,9,2023-01-22 00:14:00,40.31,10023,Italy,362.79
INV100542,SC1009,Noise Cancelling Headphones,8,2023-01-13 20:29:00,42.28,10057,Spain,338.24
INV100543,SC1042,Desk Lamp,3,2023-01-11 01:12:00,76.66,10071,France,229.98
INV100544,SC1043,Wireless Mouse,9,2023-01-03 09:51:00,92.25,10090,France,830.25
INV100545,SC1028,Desk Lamp,3,2023-01-30 00:36:00,95.34,10022,Italy,286.02
INV100546,SC1012,Laptop Stand,9,2023-01-22 00:28:00,59.83,10045,Italy,538.47
INV100547,SC1011,Notebook,2,2023-01-06 18:49:00,38.93,10071,France,77.86
INV100548,SC1030,Notebook,9,2023-01-25 05:05:00,79.82,10007,Germany,718.3799999999999
INV100549,SC1045,LED Monitor,8,2023-01-20 15:12:00,28.85,10058,Germany,230.8
INV100550,SC1001,LED Monitor,9,2023-01-30 18:05:00,58.59,10089,United Kingdom,527.3100000000001
INV100551,SC1049,HDMI Cable,5,2023-01-05 10:37:00,39.06,10058,Spain,195.3
INV100552,SC1034,Noise Cancelling Headphones,2,2023-01-23 11:33:00,67.38,10012,Italy,134.76
INV100553,SC1022,Laptop Stand,8,2023-01-25 16:05:00,27.84,10038,France,222.72
INV100554,SC1016,Gaming Keyboard,6,2023-01-18 01:30:00,23.2,10027,United Kingdom,139.2
INV100555,SC1025,Wireless Mouse,8,2023-01-13 16:44:00,92.23,10088,France,737.84
INV100556,SC1007,Bluetooth Speaker,5,2023-01-14 04:34:00,14.67,10060,Spain,73.35
INV100557,SC1028,Laptop Stand,2,2023-01-17 04:04:00,53.07,10015,Italy,106.14
INV100558,SC1025,USB-C Cable,6,2023-01-13 09:13:00,25.98,10001,United Kingdom,155.88
INV100559,SC1009,Noise Cancelling Headphones,5,2023-01-18 10:42:00,8.7,10081,United Kingdom,43.5
INV100560,SC1025,Desk Lamp,5,2023-01-04 11:37:00,8.42,10016,Germany,42.1
INV100561,SC1033,Wireless Mouse,1,2023-01-12 08:50:00,21.65,10029,Italy,21.65
INV100562,SC1040,Notebook,2,2023-01-21 07:32:00,87.34,10012,Germany,174.68
INV100563,SC1006,Noise Cancelling Headphones,8,2023-01-06 13:19:00,31.84,10095,France,254.72
INV100564,SC1003,Gaming Keyboard,3,2023-01-16 13:56:00,95.29,10092,France,285.87
INV100565,SC1049,Wireless Mouse,3,2023-01-30 20:03:00,60.25,10093,United Kingdom,180.75
INV100566,SC1044,Laptop Stand,8,2023-01-02 10:56:00,46.48,10081,France,371.84
INV100567,SC1010,Wireless Mouse,8,2023-01-18 13:19:00,60.11,10012,France,480.88
INV100568,SC1028,Notebook,2,2023-01-19 04:41:00,54.09,10042,United Kingdom,108.18
INV100569,SC1035,HDMI Cable,8,2023-01-14 16:35:00,77.08,10084,United Kingdom,616.64
INV100570,SC1024,Laptop Stand,1,2023-01-21 08:29:00,31.84,10093,Spain,31.84
INV100571,SC1020,Notebook,6,2023-01-11 11:18:00,38.54,10020,United Kingdom,231.24
INV100572,SC1035,HDMI Cable,8,2023-01-04 13:05:00,89.94,10054,Germany,719.52
INV100573,SC1009,Laptop Stand,3,2023-01-21 08:32:00,94.91,10080,Spain,284.73
INV100574,SC1036,USB-C Cable,8,2023-01-02 23:19:00,89.79,10039,France,718.32
INV100575,SC1008,Noise Cancelling Headphones,1,2023-01-03 08:24:00,44.85,10082,United Kingdom,44.85
INV100576,SC1023,Notebook,9,2023-01-30 17:41:00,79.13,10014,France,712.17
INV100577,SC1034,Noise Cancelling Headphones,9,2023-01-10 08:53:00,50.25,10072,United Kingdom,452.25
INV100578,SC1048,Laptop Stand,5,2023-01-12 20:29:00,52.27,10051,United Kingdom,261.35
INV100579,SC1034,Desk Lamp,4,2023-01-06 05:31:00,24.44,10073,France,97.76
INV100580,SC1047,USB-C Cable,6,2023-01-26 17:31:00,61.16,10094,France,366.96
INV100581,SC1035,Noise Cancelling Headphones,7,2023-01-06 08:56:00,22.68,10052,Spain,158.76
INV100582,SC1017,Bluetooth Speaker,5,2023-01-06 08:30:00,36.5,10086,France,182.5
INV100583,SC1048,Noise Cancelling Headphones,9,2023-01-02 02:59:00,86.23,10051,Italy,776.07
INV100584,SC1038,Gaming Keyboard,3,2023-01-10 16:55:00,24.67,10029,United Kingdom,74.01
INV100585,SC1031,LED Monitor,7,2023-01-17 03:32:00,11.76,10032,United Kingdom,82.32
INV100586,SC1023,Notebook,5,2023-01-11 14:21:00,11.56,10056,Italy,57.800000000000004
INV100587,SC1022,Bluetooth Speaker,7,2023-01-01 23:51:00,94.37,10051,Italy,660.59
INV100588,SC1031,LED Monitor,2,2023-01-07 07:07:00,53.16,10008,Spain,106.32
INV100589,SC1036,USB-C Cable,4,2023-01-27 00:41:00,43.89,10053,Spain,175.56
INV100590,SC1011,HDMI Cable,2,2023-01-19 18:37:00,82.03,10000,United Kingdom,164.06
INV100591,SC1048,Noise Cancelling Headphones,7,2023-01-07 15:17:00,84.4,10043,Germany,590.8000000000001
INV100592,SC1012,Gaming Keyboard,2,2023-01-07 13:15:00,36.56,10098,Germany,73.12
INV100593,SC1022,Desk Lamp,1,2023-01-27 05:26:00,70.89,10074,Spain,70.89
INV100594,SC1024,HDMI Cable,9,2023-01-01 02:42:00,78.26,10097,France,704.34
INV100595,SC1034,USB-C Cable,1,2023-01-25 03:02:00,67.19,10079,Spain,67.19
INV100596,SC1040,USB-C Cable,8,2023-01-14 15:55:00,19.4,10008,United Kingdom,155.2
INV100597,SC1029,Wireless Mouse,2,2023-01-06 21:01:00,88.21,10031,Italy,176.42
INV100598,SC1016,Wireless Mouse,8,2023-01-12 19:35:00,56.21,10014,Spain,449.68
INV100599,SC1048,Wireless Mouse,3,2023-01-23 15:11:00,31.83,10011,France,95.49
INV100600,SC1019,Laptop Stand,6,2023-01-20 11:27:00,45.4,10096,Germany,272.4
INV100601,SC1047,Gaming Keyboard,3,2023-01-25 03:42:00,8.57,10077,United Kingdom,25.71
INV100602,SC1024,Laptop Stand,7,2023-01-07 19:53:00,17.15,10056,Italy,120.04999999999998
INV100603,SC1021,Gaming Keyboard,9,2023-01-06 11:36:00,77.73,10007,United Kingdom,699.57
INV100604,SC1012,Noise Cancelling Headphones,2,2023-01-23 21:32:00,5.0,10071,Spain,10.0
INV100605,SC1018,Wireless Mouse,5,2023-01-30 00:40:00,44.57,10026,Germany,222.85
INV100606,SC1048,Wireless Mouse,6,2023-01-22 04:28:00,54.64,10061,Germany,327.84000000000003
INV100607,SC1035,Notebook,4,2023-01-04 17:07:00,10.19,10011,Germany,40.76
INV100608,SC1011,Gaming Keyboard,4,2023-01-22 01:14:00,97.44,10064,Germany,389.76
INV100609,SC1040,Desk Lamp,4,2023-01-02 20:03:00,26.48,10041,United Kingdom,105.92
INV100610,SC1018,LED Monitor,2,2023-01-29 07:45:00,33.9,10061,United Kingdom,67.8
INV100611,SC1011,Laptop Stand,4,2023-01-13 23:21:00,33.87,10010,Germany,135.48
INV100612,SC1008,USB-C Cable,1,2023-01-27 14:48:00,26.89,10042,France,26.89
INV100613,SC1006,Notebook,6,2023-01-12 00:52:00,5.14,10094,Spain,30.839999999999996
INV100614,SC1027,Gaming Keyboard,1,2023-01-12 20:33:00,74.29,10016,United Kingdom,74.29
INV100615,SC1013,Gaming Keyboard,6,2023-01-26 12:48:00,96.85,10096,United Kingdom,581.0999999999999
INV100616,SC1030,LED Monitor,1,2023-01-22 07:22:00,26.31,10031,Spain,26.31
INV100617,SC1018,Laptop Stand,6,2023-01-23 09:42:00,67.99,10092,Germany,407.93999999999994
INV100618,SC1046,Laptop Stand,8,2023-01-22 18:38:00,75.48,10084,United Kingdom,603.84
INV100619,SC1015,HDMI Cable,2,2023-01-10 22:09:00,85.6,10084,Spain,171.2
INV100620,SC1004,Bluetooth Speaker,2,2023-01-06 12:07:00,45.15,10039,United Kingdom,90.3
INV100621,SC1034,USB-C Cable,4,2023-01-01 19:31:00,33.78,10022,Germany,135.12
INV100622,SC1011,Notebook,3,2023-01-09 06:38:00,35.9,10055,Spain,107.69999999999999
INV100623,SC1024,LED Monitor,4,2023-01-30 02:23:00,72.7,10005,United Kingdom,290.8
INV100624,SC1020,Gaming Keyboard,7,2023-01-28 03:50:00,82.59,10085,Germany,578.13
INV100625,SC1035,Laptop Stand,1,2023-01-09 06:49:00,22.25,10049,France,22.25
INV100626,SC1022,Laptop Stand,6,2023-01-02 18:19:00,40.24,10036,Spain,241.44
INV100627,SC1015,LED Monitor,3,2023-01-26 12:07:00,90.68,10063,Germany,272.04
INV100628,SC1038,Desk Lamp,7,2023-01-16 17:49:00,81.64,10053,France,571.48
INV100629,SC1044,HDMI Cable,2,2023-01-04 18:32:00,98.56,10071,Italy,197.12
INV100630,SC1041,LED Monitor,2,2023-01-15 08:04:00,76.65,10048,Germany,153.3
INV100631,SC1038,HDMI Cable,4,2023-01-14 00:25:00,42.35,10098,France,169.4
INV100632,SC1013,HDMI Cable,1,2023-01-20 14:28:00,61.11,10010,Italy,61.11
INV100633,SC1030,LED Monitor,3,2023-01-24 23:21:00,67.8,10087,Spain,203.39999999999998
INV100634,SC1004,Notebook,9,2023-01-23 00:23:00,12.45,10048,Italy,112.05
INV100635,SC1034,Laptop Stand,7,2023-01-19 16:48:00,56.73,10020,Germany,397.10999999999996
INV100636,SC1022,Wireless Mouse,7,2023-01-13 17:22:00,72.39,10065,Germany,506.73
INV100637,SC1028,Wireless Mouse,4,2023-01-16 12:40:00,20.9,10062,Italy,83.6
INV100638,SC1042,USB-C Cable,2,2023-01-21 04:15:00,79.16,10082,Spain,158.32
INV100639,SC1010,Gaming Keyboard,4,2023-01-30 18:51:00,60.46,10027,Germany,241.84
INV100640,SC1017,Gaming Keyboard,6,2023-01-12 08:56:00,95.46,10016,Italy,572.76
INV100641,SC1046,Laptop Stand,3,2023-01-05 13:48:00,9.03,10005,Spain,27.089999999999996
INV100642,SC1011,Wireless Mouse,1,2023-01-18 08:40:00,30.21,10018,France,30.21
INV100643,SC1008,Bluetooth Speaker,8,2023-01-05 09:04:00,62.15,10055,Italy,497.2
INV100644,SC1009,USB-C Cable,5,2023-01-06 02:25:00,33.17,10027,Spain,165.85000000000002
INV100645,SC1043,Wireless Mouse,5,2023-01-21 08:20:00,72.87,10065,United Kingdom,364.35
INV100646,SC1016,Noise Cancelling Headphones,4,2023-01-17 20:19:00,77.11,10037,Spain,308.44
INV100647,SC1037,LED Monitor,6,2023-01-18 16:30:00,14.74,10036,Germany,88.44
INV100648,SC1006,Gaming Keyboard,3,2023-01-16 23:37:00,53.82,10067,United Kingdom,161.46
INV100649,SC1045,Notebook,9,2023-01-11 15:52:00,53.34,10085,United Kingdom,480.06000000000006
INV100650,SC1012,USB-C Cable,5,2023-01-24 04:05:00,40.08,10089,United Kingdom,200.39999999999998
INV100651,SC1039,HDMI Cable,3,2023-01-14 12:06:00,93.63,10048,Germany,280.89
INV100652,SC1041,Noise Cancelling Headphones,1,2023-01-02 14:56:00,83.61,10042,France,83.61
INV100653,SC1008,Notebook,6,2023-01-07 20:39:00,71.23,10035,France,427.38
INV100654,SC1049,HDMI Cable,2,2023-01-23 10:36:00,72.86,10057,Spain,145.72
INV100655,SC1026,Desk Lamp,3,2023-01-24 03:40:00,48.86,10012,Spain,146.57999999999998
INV100656,SC1001,HDMI Cable,1,2023-01-06 05:21:00,92.49,10051,Italy,92.49
INV100657,SC1004,Gaming Keyboard,9,2023-01-05 06:51:00,70.99,10057,Germany,638.91
INV100658,SC1028,HDMI Cable,8,2023-01-17 07:21:00,74.25,10031,France,594.0
INV100659,SC1036,Bluetooth Speaker,2,2023-01-13 19:54:00,86.86,10080,Spain,173.72
INV100660,SC1037,Noise Cancelling Headphones,8,2023-01-15 14:08:00,31.04,10099,Germany,248.32
INV100661,SC1018,USB-C Cable,9,2023-01-02 03:13:00,81.67,10059,United Kingdom,735.03
INV100662,SC1007,LED Monitor,1,2023-01-09 16:05:00,23.55,10082,Germany,23.55
INV100663,SC1047,Desk Lamp,5,2023-01-03 12:48:00,37.81,10057,United Kingdom,189.05
INV100664,SC1044,Notebook,8,2023-01-10 03:00:00,36.88,10098,France,295.04
INV100665,SC1000,Desk Lamp,2,2023-01-13 10:41:00,97.96,10055,Italy,195.92
INV100666,SC1021,Gaming Keyboard,4,2023-01-10 23:17:00,86.37,10027,Germany,345.48
INV100667,SC1016,USB-C Cable,7,2023-01-03 04:17:00,71.61,10000,United Kingdom,501.27
INV100668,SC1006,Laptop Stand,3,2023-01-01 01:37:00,74.07,10041,Spain,222.20999999999998
INV100669,SC1024,HDMI Cable,5,2023-01-08 22:07:00,58.4,10081,United Kingdom,292.0
INV100670,SC1044,Bluetooth Speaker,8,2023-01-22 05:35:00,94.97,10047,Italy,759.76
INV100671,SC1003,USB-C Cable,3,2023-01-09 20:02:00,52.14,10039,Spain,156.42000000000002
INV100672,SC1035,Wireless Mouse,4,2023-01-09 23:24:00,41.15,10096,Italy,164.6
INV100673,SC1005,Laptop Stand,9,2023-01-03 14:30:00,20.49,10062,France,184.41
INV100674,SC1030,Bluetooth Speaker,7,2023-01-20 06:13:00,79.69,10075,Italy,557.8299999999999
INV100675,SC1018,Notebook,1,2023-01-06 22:15:00,74.77,10071,France,74.77
INV100676,SC1043,Notebook,4,2023-01-18 00:07:00,41.51,10087,Italy,166.04
INV100677,SC1038,Gaming Keyboard,4,2023-01-22 06:51:00,7.39,10079,Germany,29.56
INV100678,SC1026,USB-C Cable,9,2023-01-04 05:46:00,84.7,10003,Italy,762.3000000000001
INV100679,SC1009,Noise Cancelling Headphones,6,2023-01-12 19:14:00,6.08,10037,Germany,36.480000000000004
INV100680,SC1025,Gaming Keyboard,9,2023-01-02 04:47:00,71.85,10026,France,646.65
INV100681,SC1018,Gaming Keyboard,6,2023-01-25 01:02:00,97.17,10008,France,583.02
INV100682,SC1038,LED Monitor,6,2023-01-08 12:00:00,46.58,10015,Spain,279.48
INV100683,SC1002,Laptop Stand,5,2023-01-27 06:23:00,27.32,10055,Germany,136.6
INV100684,SC1044,Desk Lamp,5,2023-01-30 21:19:00,71.96,10075,United Kingdom,359.79999999999995
INV100685,SC1012,Laptop Stand,2,2023-01-13 23:48:00,82.63,10030,Italy,165.26
INV100686,SC1049,Laptop Stand,8,2023-01-09 21:39:00,56.91,10087,France,455.28
INV100687,SC1027,HDMI Cable,8,2023-01-07 12:09:00,96.87,10013,United Kingdom,774.96
INV100688,SC1019,Wireless Mouse,1,2023-01-07 10:43:00,9.91,10024,Italy,9.91
INV100689,SC1027,Desk Lamp,8,2023-01-22 05:33:00,52.96,10033,Spain,423.68
INV100690,SC1007,LED Monitor,5,2023-01-10 03:31:00,73.25,10066,France,366.25
INV100691,SC1040,Noise Cancelling Headphones,2,2023-01-22 11:33:00,86.95,10023,Spain,173.9
INV100692,SC1038,Gaming Keyboard,2,2023-01-05 00:14:00,22.03,10072,United Kingdom,44.06
INV100693,SC1000,Noise Cancelling Headphones,6,2023-01-05 12:39:00,81.0,10025,France,486.0
INV100694,SC1002,Desk Lamp,9,2023-01-08 15:03:00,57.51,10019,France,517.59
INV100695,SC1012,Notebook,1,2023-01-22 11:32:00,42.67,10063,Germany,42.67
INV100696,SC1027,Notebook,6,2023-01-22 09:18:00,17.51,10009,Spain,105.06
INV100697,SC1048,Notebook,9,2023-01-13 14:13:00,87.2,10082,France,784.8000000000001
INV100698,SC1024,Notebook,8,2023-01-11 08:59:00,19.94,10066,France,159.52
INV100699,SC1032,HDMI Cable,6,2023-01-01 13:01:00,34.43,10023,United Kingdom,206.57999999999998
INV100700,SC1037,Laptop Stand,3,2023-01-20 04:24:00,32.55,10004,Germany,97.64999999999999
INV100701,SC1005,Notebook,8,2023-01-05 17:43:00,87.78,10066,France,702.24
INV100702,SC1043,Laptop Stand,9,2023-01-13 20:09:00,68.91,10057,Italy,620.1899999999999
INV100703,SC1044,Desk Lamp,1,2023-01-28 18:01:00,80.68,10026,Germany,80.68
INV100704,SC1031,Laptop Stand,9,2023-01-21 05:18:00,28.79,10079,Germany,259.11
INV100705,SC1044,Wireless Mouse,6,2023-01-25 05:21:00,64.36,10014,Italy,386.15999999999997
INV100706,SC1046,LED Monitor,6,2023-01-12 07:20:00,59.32,10034,Germany,355.92
INV100707,SC1020,Bluetooth Speaker,4,2023-01-16 11:03:00,84.12,10075,Italy,336.48
INV100708,SC1015,HDMI Cable,1,2023-01-10 10:05:00,91.08,10052,Germany,91.08
INV100709,SC1020,Noise Cancelling Headphones,8,2023-01-15 03:14:00,6.15,10043,United Kingdom,49.2
INV100710,SC1010,HDMI Cable,2,2023-01-30 19:51:00,69.03,10025,Germany,138.06
INV100711,SC1036,Laptop Stand,1,2023-01-18 19:23:00,9.92,10046,France,9.92
INV100712,SC1035,Noise Cancelling Headphones,2,2023-01-17 10:08:00,57.14,10033,United Kingdom,114.28
INV100713,SC1034,Wireless Mouse,1,2023-01-30 03:31:00,32.33,10086,Germany,32.33
INV100714,SC1018,Laptop Stand,1,2023-01-13 22:58:00,34.14,10094,United Kingdom,34.14
INV100715,SC1019,Bluetooth Speaker,9,2023-01-15 18:13:00,38.53,10049,France,346.77
INV100716,SC1017,Bluetooth Speaker,1,2023-01-19 07:50:00,64.02,10083,Spain,64.02
INV100717,SC1046,Wireless Mouse,4,2023-01-17 01:28:00,36.73,10011,Italy,146.92
INV100718,SC1040,Noise Cancelling Headphones,6,2023-01-10 08:49:00,74.61,10086,United Kingdom,447.65999999999997
INV100719,SC1048,Gaming Keyboard,7,2023-01-27 14:34:00,43.43,10003,Spain,304.01
INV100720,SC1013,Laptop Stand,2,2023-01-23 16:18:00,11.49,10086,Italy,22.98
INV100721,SC1014,HDMI Cable,6,2023-01-05 18:12:00,79.46,10047,Germany,476.76
INV100722,SC1030,Noise Cancelling Headphones,7,2023-01-21 10:50:00,32.15,10054,Germany,225.04999999999998
INV100723,SC1000,HDMI Cable,2,2023-01-02 18:31:00,46.11,10000,Germany,92.22
INV100724,SC1002,Desk Lamp,2,2023-01-05 10:51:00,70.12,10088,Germany,140.24
INV100725,SC1015,HDMI Cable,7,2023-01-24 02:03:00,36.58,10065,United Kingdom,256.06
INV100726,SC1022,USB-C Cable,1,2023-01-16 03:20:00,10.38,10029,Spain,10.38
INV100727,SC1010,USB-C Cable,8,2023-01-08 05:23:00,40.52,10002,France,324.16
INV100728,SC1011,Wireless Mouse,3,2023-01-06 00:39:00,94.72,10020,Spain,284.15999999999997
INV100729,SC1009,HDMI Cable,6,2023-01-05 15:50:00,65.96,10088,Germany,395.76
INV100730,SC1031,Desk Lamp,9,2023-01-15 20:24:00,68.79,10083,Germany,619.11
INV100731,SC1015,Desk Lamp,6,2023-01-15 14:38:00,65.07,10048,United Kingdom,390.41999999999996
INV100732,SC1007,LED Monitor,9,2023-01-29 08:46:00,23.9,10085,Germany,215.1
INV100733,SC1037,Wireless Mouse,7,2023-01-16 14:07:00,44.74,10084,Germany,313.18
INV100734,SC1011,Gaming Keyboard,9,2023-01-02 14:05:00,76.34,10061,Italy,687.0600000000001
INV100735,SC1023,Wireless Mouse,2,2023-01-27 09:11:00,14.63,10096,United Kingdom,29.26
INV100736,SC1027,LED Monitor,8,2023-01-10 09:21:00,31.4,10037,Germany,251.2
INV100737,SC1007,Wireless Mouse,8,2023-01-05 20:11:00,31.25,10014,Spain,250.0
INV100738,SC1027,HDMI Cable,2,2023-01-21 05:39:00,46.04,10051,Italy,92.08
INV100739,SC1035,Desk Lamp,4,2023-01-14 19:49:00,98.14,10078,France,392.56
INV100740,SC1025,Laptop Stand,7,2023-01-09 00:11:00,11.41,10045,United Kingdom,79.87
INV100741,SC1007,Bluetooth Speaker,4,2023-01-11 05:21:00,54.28,10024,Germany,217.12
INV100742,SC1049,Noise Cancelling Headphones,4,2023-01-14 08:06:00,22.04,10020,Spain,88.16
INV100743,SC1027,Desk Lamp,6,2023-01-27 04:31:00,97.21,10087,United Kingdom,583.26
INV100744,SC1027,Laptop Stand,6,2023-01-05 12:50:00,15.76,10004,Spain,94.56
INV100745,SC1036,Desk Lamp,3,2023-01-08 17:16:00,43.34,10069,Germany,130.02
INV100746,SC1040,Notebook,9,2023-01-01 04:18:00,75.1,10046,Italy,675.9
INV100747,SC1035,LED Monitor,2,2023-01-01 04:42:00,71.93,10086,Italy,143.86
INV100748,SC1026,LED Monitor,6,2023-01-10 16:17:00,45.16,10067,Italy,270.96
INV100749,SC1016,Laptop Stand,7,2023-01-02 07:38:00,37.92,10090,France,265.44
INV100750,SC1008,Gaming Keyboard,9,2023-01-03 20:55:00,42.77,10017,United Kingdom,384.93
INV100751,SC1032,LED Monitor,3,2023-01-05 14:29:00,30.11,10020,Italy,90.33
INV100752,SC1019,Gaming Keyboard,3,2023-01-14 14:24:00,24.51,10091,France,73.53
INV100753,SC1012,Laptop Stand,7,2023-01-17 08:31:00,50.89,10098,Germany,356.23
INV100754,SC1027,Gaming Keyboard,4,2023-01-24 04:20:00,30.51,10085,Spain,122.04
INV100755,SC1047,LED Monitor,8,2023-01-12 20:31:00,32.31,10022,United Kingdom,258.48
INV100756,SC1028,Desk Lamp,7,2023-01-14 22:34:00,67.39,10063,Germany,471.73
INV100757,SC1012,Notebook,5,2023-01-18 11:48:00,97.01,10066,Italy,485.05
INV100758,SC1045,LED Monitor,7,2023-01-02 14:27:00,62.35,10039,France,436.45
INV100759,SC1034,Bluetooth Speaker,3,2023-01-28 17:01:00,12.31,10009,United Kingdom,36.93
INV100760,SC1005,HDMI Cable,2,2023-01-08 18:45:00,12.18,10088,Germany,24.36
INV100761,SC1017,Noise Cancelling Headphones,6,2023-01-05 02:26:00,95.39,10051,France,572.34
INV100762,SC1004,Gaming Keyboard,2,2023-01-02 19:11:00,33.24,10071,France,66.48
INV100763,SC1046,Bluetooth Speaker,3,2023-01-11 12:29:00,13.75,10074,United Kingdom,41.25
INV100764,SC1024,Gaming Keyboard,6,2023-01-28 17:51:00,61.91,10060,United Kingdom,371.46
INV100765,SC1001,Wireless Mouse,5,2023-01-18 11:10:00,64.25,10063,Germany,321.25
INV100766,SC1009,Wireless Mouse,8,2023-01-23 02:52:00,66.61,10004,Germany,532.88
INV100767,SC1029,LED Monitor,9,2023-01-30 18:30:00,30.4,10052,Spain,273.59999999999997
INV100768,SC1049,Noise Cancelling Headphones,3,2023-01-01 21:23:00,6.44,10054,France,19.32
INV100769,SC1044,Wireless Mouse,3,2023-01-24 09:31:00,96.68,10036,Germany,290.04
INV100770,SC1004,Notebook,3,2023-01-01 18:45:00,28.83,10055,United Kingdom,86.49
INV100771,SC1032,Bluetooth Speaker,6,2023-01-02 01:29:00,69.22,10058,Italy,415.32
INV100772,SC1000,LED Monitor,1,2023-01-19 04:10:00,72.13,10092,France,72.13
INV100773,SC1017,Notebook,7,2023-01-06 20:38:00,62.95,10068,Spain,440.65000000000003
INV100774,SC1031,Desk Lamp,1,2023-01-14 22:55:00,34.73,10072,France,34.73
INV100775,SC1046,Gaming Keyboard,5,2023-01-12 05:14:00,30.75,10058,France,153.75
INV100776,SC1048,LED Monitor,8,2023-01-06 13:24:00,61.78,10001,Italy,494.24
INV100777,SC1010,Wireless Mouse,4,2023-01-07 18:32:00,87.28,10064,Italy,349.12
INV100778,SC1020,Bluetooth Speaker,5,2023-01-19 14:59:00,94.94,10059,Italy,474.7
INV100779,SC1025,LED Monitor,4,2023-01-26 10:32:00,15.06,10050,Italy,60.24
INV100780,SC1024,Laptop Stand,4,2023-01-19 09:55:00,19.71,10029,France,78.84
INV100781,SC1021,Gaming Keyboard,8,2023-01-17 19:37:00,94.75,10010,Spain,758.0
INV100782,SC1026,Bluetooth Speaker,2,2023-01-17 02:12:00,74.97,10091,Italy,149.94
INV100783,SC1048,Desk Lamp,1,2023-01-23 21:54:00,88.88,10075,Germany,88.88
INV100784,SC1012,Bluetooth Speaker,3,2023-01-11 10:36:00,24.25,10038,Spain,72.75
INV100785,SC1032,LED Monitor,9,2023-01-09 03:39:00,60.82,10089,France,547.38
INV100786,SC1033,USB-C Cable,4,2023-01-23 09:00:00,71.61,10076,United Kingdom,286.44
INV100787,SC1040,LED Monitor,5,2023-01-07 15:47:00,69.61,10071,United Kingdom,348.05
INV100788,SC1034,Laptop Stand,2,2023-01-21 22:09:00,43.77,10062,United Kingdom,87.54
INV100789,SC1000,Notebook,4,2023-01-01 10:45:00,6.46,10063,Germany,25.84
INV100790,SC1020,Wireless Mouse,2,2023-01-22 11:30:00,60.38,10060,Germany,120.76
INV100791,SC1047,Gaming Keyboard,2,2023-01-12 07:39:00,29.04,10053,Germany,58.08
INV100792,SC1005,LED Monitor,4,2023-01-21 21:30:00,47.77,10091,Germany,191.08
INV100793,SC1027,HDMI Cable,6,2023-01-16 05:53:00,95.97,10093,France,575.8199999999999
INV100794,SC1016,LED Monitor,7,2023-01-19 09:15:00,42.91,10072,Germany,300.37
INV100795,SC1004,Desk Lamp,3,2023-01-14 02:48:00,84.78,10094,France,254.34
INV100796,SC1030,Noise Cancelling Headphones,3,2023-01-12 04:07:00,22.91,10057,United Kingdom,68.73
INV100797,SC1004,USB-C Cable,6,2023-01-07 11:46:00,68.88,10084,Spain,413.28
INV100798,SC1037,Bluetooth Speaker,3,2023-01-01 09:47:00,97.82,10055,Spain,293.46
INV100799,SC1002,Bluetooth Speaker,2,2023-01-09 20:43:00,14.68,10033,Spain,29.36
INV100800,SC1022,Notebook,8,2023-01-30 03:05:00,5.79,10030,Germany,46.32
INV100801,SC1036,Bluetooth Speaker,5,2023-01-03 19:59:00,46.19,10051,Italy,230.95
INV100802,SC1036,Noise Cancelling Headphones,1,2023-01-26 01:56:00,13.8,10088,Germany,13.8
INV100803,SC1009,Bluetooth Speaker,3,2023-01-15 00:55:00,76.1,10075,Italy,228.29999999999998
INV100804,SC1009,Bluetooth Speaker,8,2023-01-18 22:17:00,91.88,10000,France,735.04
INV100805,SC1018,Notebook,4,2023-01-18 04:45:00,46.23,10054,United Kingdom,184.92
INV100806,SC1016,Bluetooth Speaker,7,2023-01-21 21:52:00,29.58,10021,Germany,207.06
INV100807,SC1020,Bluetooth Speaker,2,2023-01-18 17:56:00,46.27,10039,Italy,92.54
INV100808,SC1013,Desk Lamp,7,2023-01-13 13:39:00,73.73,10000,Italy,516.11
INV100809,SC1008,Noise Cancelling Headphones,5,2023-01-05 11:30:00,5.86,10064,United Kingdom,29.3
INV100810,SC1045,Noise Cancelling Headphones,5,2023-01-10 04:30:00,61.0,10062,Italy,305.0
INV100811,SC1000,USB-C Cable,6,2023-01-21 03:29:00,63.26,10053,Spain,379.56
INV100812,SC1044,USB-C Cable,9,2023-01-04 18:33:00,65.58,10041,Germany,590.22
INV100813,SC1012,Wireless Mouse,6,2023-01-24 12:26:00,27.99,10020,Germany,167.94
INV100814,SC1003,Gaming Keyboard,8,2023-01-28 16:24:00,72.84,10078,Italy,582.72
INV100815,SC1000,USB-C Cable,7,2023-01-13 23:50:00,13.68,10080,United Kingdom,95.75999999999999
INV100816,SC1048,Notebook,9,2023-01-08 22:39:00,23.93,10021,Spain,215.37
INV100817,SC1039,LED Monitor,4,2023-01-30 01:35:00,88.36,10037,France,353.44
INV100818,SC1031,USB-C Cable,2,2023-01-12 03:01:00,75.18,10098,Spain,150.36
INV100819,SC1033,USB-C Cable,7,2023-01-05 10:56:00,6.31,10079,Germany,44.169999999999995
INV100820,SC1027,LED Monitor,6,2023-01-05 20:20:00,28.6,10007,France,171.60000000000002
INV100821,SC1030,Bluetooth Speaker,1,2023-01-13 12:58:00,25.37,10061,France,25.37
INV100822,SC1007,Notebook,9,2023-01-08 17:01:00,30.73,10046,Spain,276.57
INV100823,SC1038,HDMI Cable,9,2023-01-29 06:38:00,28.52,10016,Italy,256.68
INV100824,SC1025,Bluetooth Speaker,2,2023-01-23 15:22:00,10.94,10016,Spain,21.88
INV100825,SC1033,Bluetooth Speaker,3,2023-01-07 08:02:00,48.6,10089,Italy,145.8
INV100826,SC1002,Desk Lamp,5,2023-01-09 17:36:00,74.61,10012,United Kingdom,373.05
INV100827,SC1049,Notebook,5,2023-01-20 02:36:00,62.64,10016,Spain,313.2
INV100828,SC1011,USB-C Cable,1,2023-01-16 13:53:00,68.92,10037,Italy,68.92
INV100829,SC1000,USB-C Cable,8,2023-01-01 18:09:00,12.71,10080,Germany,101.68
INV100830,SC1043,Wireless Mouse,8,2023-01-26 22:26:00,95.39,10077,France,763.12
INV100831,SC1004,Bluetooth Speaker,4,2023-01-07 08:07:00,84.66,10044,Spain,338.64
INV100832,SC1029,USB-C Cable,7,2023-01-08 06:47:00,81.48,10005,Germany,570.36
INV100833,SC1029,Noise Cancelling Headphones,3,2023-01-01 02:35:00,83.18,10034,Germany,249.54000000000002
INV100834,SC1016,HDMI Cable,6,2023-01-02 08:38:00,93.61,10013,United Kingdom,561.66
INV100835,SC1047,USB-C Cable,9,2023-01-08 10:13:00,56.7,10071,Italy,510.3
INV100836,SC1046,HDMI Cable,1,2023-01-28 03:52:00,24.03,10060,United Kingdom,24.03
INV100837,SC1022,USB-C Cable,5,2023-01-27 18:27:00,63.59,10014,Italy,317.95000000000005
INV100838,SC1014,USB-C Cable,4,2023-01-20 23:55:00,75.57,10053,Germany,302.28
INV100839,SC1036,Gaming Keyboard,8,2023-01-15 21:27:00,75.1,10026,France,600.8
INV100840,SC1020,Wireless Mouse,1,2023-01-26 09:58:00,54.54,10012,Spain,54.54
INV100841,SC1013,HDMI Cable,9,2023-01-30 00:54:00,11.5,10030,Italy,103.5
INV100842,SC1001,LED Monitor,6,2023-01-18 12:15:00,40.26,10034,Italy,241.56
INV100843,SC1010,Bluetooth Speaker,4,2023-01-07 19:14:00,92.47,10059,Germany,369.88
INV100844,SC1038,Desk Lamp,9,2023-01-24 01:29:00,60.52,10005,France,544.6800000000001
INV100845,SC1037,LED Monitor,5,2023-01-16 13:44:00,56.14,10068,France,280.7
INV100846,SC1033,Laptop Stand,5,2023-01-26 23:16:00,30.54,10085,Germany,152.7
INV100847,SC1037,USB-C Cable,5,2023-01-05 10:10:00,40.0,10057,Italy,200.0
INV100848,SC1049,Desk Lamp,1,2023-01-07 14:48:00,90.06,10048,Germany,90.06
INV100849,SC1033,Notebook,1,2023-01-20 15:16:00,68.31,10022,Italy,68.31
INV100850,SC1017,LED Monitor,8,2023-01-06 16:19:00,79.8,10088,Italy,638.4
INV100851,SC1029,Notebook,8,2023-01-12 16:43:00,48.16,10033,Spain,385.28
INV100852,SC1014,Notebook,6,2023-01-17 15:12:00,64.87,10025,United Kingdom,389.22
INV100853,SC1026,Notebook,4,2023-01-24 00:40:00,28.6,10046,Italy,114.4
INV100854,SC1033,Notebook,2,2023-01-21 11:56:00,72.02,10004,Spain,144.04
INV100855,SC1037,Laptop Stand,2,2023-01-08 06:09:00,45.62,10089,Germany,91.24
INV100856,SC1032,Wireless Mouse,9,2023-01-15 16:05:00,47.04,10019,United Kingdom,423.36
INV100857,SC1023,Wireless Mouse,5,2023-01-06 03:38:00,66.69,10005,Germany,333.45
INV100858,SC1014,Bluetooth Speaker,4,2023-01-16 19:06:00,93.95,10069,Germany,375.8
INV100859,SC1029,Laptop Stand,1,2023-01-02 16:54:00,11.08,10058,United Kingdom,11.08
INV100860,SC1041,Notebook,7,2023-01-13 08:01:00,83.35,10063,United Kingdom,583.4499999999999
INV100861,SC1016,Bluetooth Speaker,3,2023-01-11 13:43:00,32.78,10017,France,98.34
INV100862,SC1004,Laptop Stand,6,2023-01-05 15:41:00,47.17,10003,Italy,283.02
INV100863,SC1028,USB-C Cable,5,2023-01-02 19:17:00,7.08,10016,Germany,35.4
INV100864,SC1003,Bluetooth Speaker,5,2023-01-01 02:21:00,33.6,10013,United Kingdom,168.0
INV100865,SC1009,Gaming Keyboard,5,2023-01-02 20:19:00,52.75,10077,Italy,263.75
INV100866,SC1016,USB-C Cable,1,2023-01-15 13:40:00,10.34,10012,Italy,10.34
INV100867,SC1009,Laptop Stand,1,2023-01-07 06:31:00,51.65,10006,United Kingdom,51.65
INV100868,SC1016,Notebook,3,2023-01-11 10:37:00,93.08,10043,Spain,279.24
INV100869,SC1019,Notebook,4,2023-01-27 16:29:00,15.01,10014,Spain,60.04
INV100870,SC1023,LED Monitor,5,2023-01-05 06:22:00,77.62,10018,United Kingdom,388.1
INV100871,SC1004,Noise Cancelling Headphones,2,2023-01-09 09:49:00,43.92,10062,United Kingdom,87.84
INV100872,SC1033,Gaming Keyboard,8,2023-01-16 06:50:00,67.24,10034,Spain,537.92
INV100873,SC1005,Desk Lamp,2,2023-01-07 02:27:00,29.72,10080,United Kingdom,59.44
INV100874,SC1001,Notebook,9,2023-01-30 18:24:00,20.15,10034,Germany,181.35
INV100875,SC1012,LED Monitor,2,2023-01-06 21:12:00,20.24,10018,France,40.48
INV100876,SC1042,HDMI Cable,9,2023-01-17 05:43:00,11.7,10019,Italy,105.3
INV100877,SC1042,Notebook,7,2023-01-03 22:49:00,22.64,10099,France,158.48000000000002
INV100878,SC1047,Gaming Keyboard,8,2023-01-24 23:18:00,68.1,10034,France,544.8
INV100879,SC1010,Bluetooth Speaker,2,2023-01-13 17:51:00,88.76,10031,Italy,177.52
INV100880,SC1046,USB-C Cable,7,2023-01-03 20:08:00,82.34,10047,United Kingdom,576.38
INV100881,SC1022,HDMI Cable,6,2023-01-11 14:42:00,70.09,10043,Spain,420.54
INV100882,SC1015,Desk Lamp,4,2023-01-14 10:10:00,15.49,10023,Spain,61.96
INV100883,SC1030,LED Monitor,7,2023-01-30 10:49:00,32.47,10060,France,227.29
INV100884,SC1010,Noise Cancelling Headphones,4,2023-01-16 02:58:00,34.43,10016,France,137.72
INV100885,SC1015,Gaming Keyboard,2,2023-01-17 20:24:00,28.75,10070,Germany,57.5
INV100886,SC1007,HDMI Cable,7,2023-01-04 12:35:00,53.93,10049,Germany,377.51
INV100887,SC1003,Wireless Mouse,8,2023-01-08 05:32:00,55.88,10064,France,447.04
INV100888,SC1039,Notebook,2,2023-01-20 16:45:00,38.9,10098,France,77.8
INV100889,SC1003,HDMI Cable,5,2023-01-06 00:30:00,38.61,10031,Germany,193.05
INV100890,SC1024,Bluetooth Speaker,1,2023-01-08 15:22:00,83.71,10035,France,83.71
INV100891,SC1002,Laptop Stand,7,2023-01-10 16:27:00,79.98,10012,United Kingdom,559.86
INV100892,SC1031,Gaming Keyboard,8,2023-01-10 12:06:00,34.24,10069,France,273.92
INV100893,SC1002,Gaming Keyboard,6,2023-01-21 08:24:00,91.81,10057,Italy,550.86
INV100894,SC1026,LED Monitor,5,2023-01-10 01:54:00,95.52,10013,Spain,477.59999999999997
INV100895,SC1028,USB-C Cable,6,2023-01-04 02:53:00,36.04,10036,United Kingdom,216.24
INV100896,SC1031,LED Monitor,2,2023-01-24 18:28:00,38.67,10078,France,77.34
INV100897,SC1049,Wireless Mouse,1,2023-01-10 19:40:00,53.04,10067,United Kingdom,53.04
INV100898,SC1018,Wireless Mouse,7,2023-01-22 23:35:00,94.41,10039,Spain,660.87
INV100899,SC1020,HDMI Cable,7,2023-01-05 17:36:00,88.25,10058,Spain,617.75
INV100900,SC1004,Desk Lamp,2,2023-01-09 01:59:00,14.74,10079,Spain,29.48
INV100901,SC1017,Noise Cancelling Headphones,2,2023-01-21 11:32:00,42.31,10091,Italy,84.62
INV100902,SC1027,Desk Lamp,1,2023-01-08 19:20:00,57.57,10015,Italy,57.57
INV100903,SC1041,USB-C Cable,8,2023-01-23 16:58:00,52.8,10061,France,422.4
INV100904,SC1021,Gaming Keyboard,8,2023-01-19 17:17:00,23.42,10003,Spain,187.36
INV100905,SC1020,Noise Cancelling Headphones,1,2023-01-23 18:48:00,86.59,10044,Spain,86.59
INV100906,SC1005,Laptop Stand,8,2023-01-05 01:07:00,69.31,10089,Italy,554.48
INV100907,SC1000,Laptop Stand,9,2023-01-23 18:02:00,84.6,10027,United Kingdom,761.4
INV100908,SC1004,LED Monitor,4,2023-01-06 17:39:00,86.58,10095,United Kingdom,346.32
INV100909,SC1040,Noise Cancelling Headphones,1,2023-01-11 07:29:00,76.09,10065,Spain,76.09
INV100910,SC1011,Bluetooth Speaker,1,2023-01-12 06:32:00,46.73,10030,Italy,46.73
INV100911,SC1025,Wireless Mouse,3,2023-01-29 04:12:00,63.0,10002,France,189.0
INV100912,SC1045,HDMI Cable,5,2023-01-17 18:53:00,20.23,10007,Germany,101.15
INV100913,SC1033,Desk Lamp,5,2023-01-04 17:34:00,69.0,10023,United Kingdom,345.0
INV100914,SC1048,LED Monitor,9,2023-01-15 16:54:00,22.03,10014,France,198.27
INV100915,SC1013,LED Monitor,2,2023-01-17 08:47:00,70.93,10042,United Kingdom,141.86
INV100916,SC1025,Bluetooth Speaker,2,2023-01-25 12:12:00,26.81,10030,Spain,53.62
INV100917,SC1044,Notebook,6,2023-01-07 10:37:00,16.17,10072,France,97.02000000000001
INV100918,SC1026,Gaming Keyboard,9,2023-01-22 22:40:00,20.7,10044,Italy,186.29999999999998
INV100919,SC1008,Wireless Mouse,1,2023-01-07 20:45:00,5.19,10065,Italy,5.19
INV100920,SC1025,Wireless Mouse,9,2023-01-01 12:58:00,73.28,10007,Germany,659.52
INV100921,SC1046,Gaming Keyboard,9,2023-01-21 06:05:00,74.58,10070,Spain,671.22
INV100922,SC1021,HDMI Cable,9,2023-01-02 00:52:00,53.92,10056,France,485.28000000000003
INV100923,SC1046,Wireless Mouse,5,2023-01-22 03:42:00,20.33,10079,Germany,101.64999999999999
INV100924,SC1029,Wireless Mouse,9,2023-01-10 10:55:00,12.94,10098,France,116.46
INV100925,SC1042,Wireless Mouse,4,2023-01-30 19:46:00,6.82,10029,Germany,27.28
INV100926,SC1047,Notebook,2,2023-01-06 10:51:00,20.75,10073,France,41.5
INV100927,SC1016,Notebook,6,2023-01-12 07:28:00,89.63,10017,United Kingdom,537.78
INV100928,SC1025,USB-C Cable,4,2023-01-05 23:16:00,27.95,10068,France,111.8
INV100929,SC1035,Noise Cancelling Headphones,6,2023-01-02 10:04:00,38.66,10092,Spain,231.95999999999998
INV100930,SC1000,LED Monitor,3,2023-01-06 02:48:00,15.01,10038,Italy,45.03
INV100931,SC1007,USB-C Cable,6,2023-01-14 19:40:00,26.12,10059,United Kingdom,156.72
INV100932,SC1048,Bluetooth Speaker,2,2023-01-22 06:00:00,54.33,10097,United Kingdom,108.66
INV100933,SC1034,Noise Cancelling Headphones,2,2023-01-18 19:14:00,62.74,10042,United Kingdom,125.48
INV100934,SC1014,Desk Lamp,9,2023-01-07 08:48:00,28.31,10044,Italy,254.79
INV100935,SC1046,LED Monitor,7,2023-01-15 13:21:00,10.48,10022,France,73.36
INV100936,SC1021,Bluetooth Speaker,3,2023-01-17 13:32:00,42.15,10068,Spain,126.44999999999999
INV100937,SC1013,LED Monitor,1,2023-01-23 23:50:00,27.25,10093,Germany,27.25
INV100938,SC1025,LED Monitor,8,2023-01-23 08:14:00,25.86,10005,Spain,206.88
INV100939,SC1027,HDMI Cable,6,2023-01-24 18:15:00,96.19,10055,Germany,577.14
INV100940,SC1022,HDMI Cable,7,2023-01-19 17:15:00,63.55,10003,Germany,444.84999999999997
INV100941,SC1013,USB-C Cable,9,2023-01-05 13:41:00,57.9,10092,Germany,521.1
INV100942,SC1023,Gaming Keyboard,5,2023-01-05 09:17:00,44.5,10022,Germany,222.5
INV100943,SC1001,Noise Cancelling Headphones,1,2023-01-30 18:16:00,45.75,10005,United Kingdom,45.75
INV100944,SC1044,Noise Cancelling Headphones,7,2023-01-19 12:09:00,56.39,10031,France,394.73
INV100945,SC1025,HDMI Cable,5,2023-01-17 01:32:00,71.16,10017,United Kingdom,355.79999999999995
INV100946,SC1013,Gaming Keyboard,3,2023-01-12 15:49:00,71.7,10014,France,215.10000000000002
INV100947,SC1006,Gaming Keyboard,9,2023-01-11 02:47:00,21.31,10039,Germany,191.79
INV100948,SC1002,Wireless Mouse,1,2023-01-11 07:48:00,52.51,10095,United Kingdom,52.51
INV100949,SC1046,Bluetooth Speaker,1,2023-01-17 22:10:00,44.14,10072,France,44.14
INV100950,SC1022,Notebook,1,2023-01-30 12:53:00,87.7,10073,Germany,87.7
INV100951,SC1045,USB-C Cable,3,2023-01-22 04:03:00,64.98,10083,Italy,194.94
INV100952,SC1042,Wireless Mouse,6,2023-01-09 15:46:00,55.59,10005,United Kingdom,333.54
INV100953,SC1046,LED Monitor,3,2023-01-21 00:03:00,15.96,10062,Italy,47.88
INV100954,SC1044,Laptop Stand,8,2023-01-13 15:50:00,62.54,10066,France,500.32
INV100955,SC1017,HDMI Cable,2,2023-01-13 09:42:00,16.13,10010,Germany,32.26
INV100956,SC1037,Notebook,9,2023-01-22 16:59:00,37.03,10042,Germany,333.27
INV100957,SC1034,USB-C Cable,3,2023-01-24 06:59:00,18.57,10016,Italy,55.71
INV100958,SC1014,LED Monitor,5,2023-01-16 05:09:00,70.75,10095,Spain,353.75
INV100959,SC1024,Bluetooth Speaker,8,2023-01-22 09:15:00,24.59,10003,Germany,196.72
INV100960,SC1036,Bluetooth Speaker,2,2023-01-07 02:10:00,42.23,10062,Germany,84.46
INV100961,SC1027,Desk Lamp,6,2023-01-08 16:53:00,90.09,10067,Italy,540.54
INV100962,SC1009,Bluetooth Speaker,5,2023-01-01 03:13:00,24.41,10080,Spain,122.05
INV100963,SC1038,HDMI Cable,9,2023-01-25 03:35:00,53.24,10040,France,479.16
INV100964,SC1016,USB-C Cable,5,2023-01-13 04:49:00,44.83,10082,Italy,224.14999999999998
INV100965,SC1038,Desk Lamp,2,2023-01-08 18:30:00,6.72,10004,Italy,13.44
INV100966,SC1021,Laptop Stand,5,2023-01-30 16:32:00,80.31,10031,France,401.55
INV100967,SC1025,HDMI Cable,4,2023-01-23 10:47:00,11.56,10085,France,46.24
INV100968,SC1043,Desk Lamp,7,2023-01-30 05:10:00,50.05,10069,Italy,350.34999999999997
INV100969,SC1024,Laptop Stand,6,2023-01-15 03:49:00,58.26,10034,France,349.56
INV100970,SC1016,Desk Lamp,2,2023-01-28 21:57:00,64.7,10021,Germany,129.4
INV100971,SC1012,Laptop Stand,5,2023-01-02 13:41:00,70.42,10064,Spain,352.1
INV100972,SC1019,Laptop Stand,7,2023-01-20 16:49:00,29.06,10083,Spain,203.42
INV100973,SC1024,Noise Cancelling Headphones,7,2023-01-19 09:52:00,5.95,10021,Spain,41.65
INV100974,SC1003,Wireless Mouse,5,2023-01-05 15:56:00,73.73,10010,Italy,368.65000000000003
INV100975,SC1009,Noise Cancelling Headphones,9,2023-01-15 18:19:00,55.89,10076,France,503.01
INV100976,SC1002,Notebook,4,2023-01-21 02:13:00,84.43,10002,Italy,337.72
INV100977,SC1040,Laptop Stand,3,2023-01-29 22:49:00,83.03,10008,United Kingdom,249.09
INV100978,SC1044,Noise Cancelling Headphones,4,2023-01-04 00:58:00,85.12,10059,Italy,340.48
INV100979,SC1017,Laptop Stand,5,2023-01-29 04:23:00,51.08,10075,United Kingdom,255.39999999999998
INV100980,SC1046,Gaming Keyboard,6,2023-01-14 18:35:00,36.69,10086,United Kingdom,220.14
INV100981,SC1035,LED Monitor,3,2023-01-21 03:53:00,80.2,10013,Germany,240.60000000000002
INV100982,SC1046,Laptop Stand,2,2023-01-17 16:00:00,47.87,10096,Spain,95.74
INV100983,SC1021,LED Monitor,4,2023-01-08 04:12:00,22.43,10017,Germany,89.72
INV100984,SC1033,USB-C Cable,5,2023-01-30 14:04:00,86.22,10072,Germany,431.1
INV100985,SC1046,LED Monitor,4,2023-01-02 22:40:00,88.84,10022,Spain,355.36
INV100986,SC1007,LED Monitor,3,2023-01-21 12:18:00,49.3,10073,Germany,147.89999999999998
INV100987,SC1039,Desk Lamp,8,2023-01-21 21:59:00,12.19,10082,France,97.52
INV100988,SC1048,USB-C Cable,4,2023-01-06 18:53:00,41.84,10046,Italy,167.36
INV100989,SC1043,Bluetooth Speaker,2,2023-01-04 18:10:00,81.34,10068,Germany,162.68
INV100990,SC1018,Bluetooth Speaker,2,2023-01-13 09:19:00,90.67,10046,Spain,181.34
INV100991,SC1041,Wireless Mouse,1,2023-01-22 04:39:00,24.33,10086,Germany,24.33
INV100992,SC1040,LED Monitor,4,2023-01-05 00:48:00,11.36,10029,Italy,45.44
INV100993,SC1036,USB-C Cable,9,2023-01-05 17:16:00,88.35,10024,Italy,795.15
INV100994,SC1005,Notebook,7,2023-01-15 17:00:00,41.99,10027,Germany,293.93
INV100995,SC1025,USB-C Cable,7,2023-01-30 21:36:00,56.47,10097,Italy,395.28999999999996
INV100996,SC1033,Laptop Stand,7,2023-01-13 07:09:00,96.97,10024,United Kingdom,678.79
INV100997,SC1044,USB-C Cable,8,2023-01-13 04:23:00,11.32,10073,Germany,90.56
INV100998,SC1005,Notebook,1,2023-01-26 23:38:00,66.59,10077,United Kingdom,66.59
INV100999,SC1036,Bluetooth Speaker,8,2023-01-21 04:35:00,12.04,10057,Germany,96.32
